phage_ID,gene_ID,gene_sequence
A1a,A1a_gp1,TTAGACGCTGTGAACCTGACGTTAGAAGCCCTGGGGGAGTCTCGCGTTATGGATATCAACACTTCAAACCCAAGCGCAGGGTTAGCACGTTCTGCACTCGCGCGTAATCGCCGAGGCCTGCTAAGCACTGGCTACTGGTTCAACGTAGTCGAGCGAGAGGTTACTCCTACGACTGACGGACTTATTAAGGTTCCGTGGAACCAGTTGGCTGTGTATGATGCGTGCTCCGACAATAAGTACGGTGTACGCAATGGGAACCTTTACGACCTGGTAGAGCAGAACGAGTACTTCGACTCACCTGTTAAAATTAAGGTAGTGCTGGACCTCAACTTTGAGGACCTGCCGGAGCACGCGGCTATGTGGATTGCAAACTACACCACTGCGCAGGTGTACCTGAACGACCTCGGCAGTGACGGCAACTACGCCAATTACGCCTCTGAGGCGGAGCGATACAAGGCCCTGGTGCTGCGCGAGCATCTGCGTAACCAGAAGTACAGCACCAGCAAGACCAGATTCGCACGTCGTATCCGTCGTGCACGCTTCATGATTTAA
A1a,A1a_gp2,ATGGCGCAATCATTAGAAGGCACCATTCAGAGTCTGCTCCAGGGCGTGTCCCAGCAGATTCCAAGAGAGCGCCAGCCTGGGCAACTTGGGGCGCAGCTGAACATGCTCAGTGACCCAGTATCCGGATTACGTAGACGGCCCCCAGCAGAGATTGTGTGGGAGAGCAGCATCGACAATCCGGGCCTCGACTCCCTGTTCACAGAATACGTCGAGCGCGGCACTGACGGTAGGCACCTGCTGATTAACACCAGCAACGGAAATTGGTGGCTCCTGTCCAAGAACGGCAAGACCATAGTAAACAGTGGGAACGACCCTTACTTCGTAACCACAGTAGGGCAGACCTCCATTCAGACTGCGAGTATCGCCGGGCTGACCTACATCCTGAATACGGAGATGGCCCCGAGTACGACTGTAGATAACACTGGACGTATCGACCCGAGCACTACGGGATTCTTCTACATCAAGACTGTAGCCTTCCAGAAGCGTTGGGAAATTACAGTATCCTGGACCGGTGGTTCCGTTGTGGGTTATTATAATGCGCCTGATGCAAGTAATGGCAGCTCCTCGGCAGAGTGGGTCTCTGCACCTTATGTGGTTAATGCCCTAATCAACGGAGATCCTAATGGGTCTGGTATAGGCGCAGCTATTACAGCAGCTGGGGGTAGTGTAAGTAGTTTCGAAGGGTATATGTATATATCCGGGCTACCTAATCTCGTAGTCAGTACGTCTGCTGGAGATACTTATGCCGTAGCCTCTGGACAGAGTAGGGTTCCACAAGAACAGGACCTACCAGCGCAGCTACCATCCCAGGCTAACGGCACAATGTGCCGAGTTGGCACAGCCTCATCTGAGACGGCGTGGTACCAGTTCGACTATAGTGCTCGCACCTGGTCAGAGGTCGGGGCCTACGGCAGTATCACCAAAATTACGAACATGCCCAGAGAGTTAGCAGCGGATGACAACATCATTGCCCGTGACTGGGAGGGACGTCTTGCTGGGAACGACGACAACAACCAGAACCCTGGCTTTGTAGAGAATGGGTACATTGCCGGCATCGCTGCGTTCCAGGGCCGCCTGGTACTTCTCAGTGGTAGTGTGGTGGATATGTCTGCCTCGGGGCTGTATCAGAGATTCTATCGCTCTACAGTGACCTCACTGCTGGATACGGACCGTATCAGTATTAGCTCTGCGTCTGCACAGGATTCCGTGTACCGTACGGCGATACAGTTCAACCGGGACCTGGTCCTGTTCGCAAACAGCATGCAGGCCGTAGTGCCTGGTTCGGCAGTGCTTACCCCAACCAACGCCAGTATCAGCATCACCAGCACCTACGAGTGCGATAGCCGAGTGACGCCAGTGATGGCAGGGCAGACCGTGATTTACCCGAACAAGCGCAACAACAGCTACGCGGGTATCCTGGAGCTTATCCCTTCTCCGTACACGTCCTCGCAATACGCTACGCAGGATGCAACTGTGCATCTCCCGCGGTACATCCCCGGGCGAGTGCTGCAGATGCAAAACTCCAGCGTCACCAATATGGCGTTTGTGCGTATGTCCGGTCAGCGTAAGAACCTGCTGGTATACGAGTTCATGTGGGGAGGACAGGATGGTGGTAAGGTGCAAGCGGCCTGGCACCAGTGGACATTCCCCTATAACATCTTGGGTGTGCAAGCACTTGAAGACGAGGTGTTCCTGTATCTGCAAGGGCCTAGCCCGGGCAATAAACTCCTGATTCTGTCCATGGACCCACGCGAGGGCTACAACCTCGGCAGTGAGTACACGGATGCATACTCGGACTTGCAGACGCAAGTAACCGTAAGCGGCGGAGTGTTTACCGTACCCGCAGCGCTGCGCCCGGTGGGCTGGGCGGACACGTACAAAGAGGACTTAATCCTCACATATCCAGCCAACAGCCCTATGGGGCCTACCGAGGTGGGACTCAAGGATATCGCCGGTACGAACCAGCTTAGCGTAGTGCGGGGCGTTCCTGATGGTCAGTATATCCTAGGCCGCAGATACAACAGCACATTCACTCTGACCACCCCAGTACTTCGGGACCAGAATGATAAGCTCGTTGGCAGCGGGCACGTGCGCTTGCTGCGTCTGGATGTCGCTGTACGTAACTCTGGGCACTTTGATGTGCACGTAACGGACACACCCCGGGATGTTGACTGGAGCGGAGAACTCACAGGTATCTTGATGAACTCCAAGGAGTTGACGCTGGGGCAAGCCCTGCGTATGGACCTGGCTACCATCACAGTGCCGTGCCGCACCAACGCAGATACGACAGAAGTCACTTTGTATACCAAAGGCTCCCAGGAGCTGAACGTGCTGGATATCTCTTATATCCTGCGCTACAACCAACGCAGACGGAGGATTTAA
A1a,A1a_gp3,ATGGCTATGTGGTGGGCTGTCGCCGCCCTGGCAGGCTCTAAGCTGCTAGGGGCAGGCGCACAGATTGAGGTTTCTAAAGCACGCAACAAAGCGGTAATTCAGCAGACAGCGAAGCAGCTCAACGACATCGCGCTGCAGCGCGCCCAGTCCAGGGACCGGACTGAGGTTGCTCTGTTCAACATTCAACAGCAGAAGCTGCAAGCACAGAGCCAGGTGGGGCTGCAGGCTGCGGCATCGGGTACTATGGGGGCGTCTGTTAAGGACGCCGTAGCAACTGTAAGTACAGTAGCAGACCGCCAAGAGTCTAGTATCCGGGCACAGCAGACCACTCAAGAAGAAGGCTACCGCATGATGGTAGACAAGGCAGTGGATAGTGGGCTAGCAAACATGGACCTGGAGAGCGGGTACGACAAGATGTTTAATGCCGCCCTAAGTTTCAGCGGACAGTTGCTCGGGCAATATGTTGGGGGTAAACTGTCAGAGTCCGGGAGCTCCGAAGGGTCCTCCAAAGGGTCTTCCGAAGGGGGCACAGCAACTCAGAATGCTGGCGCCGCCTATGACTTGTGGGGCAGTAAGGGTAACAGTAAAGTACACACCTGGTAA
A1a,A1a_gp4,ATGCCTGTAATTCAACCCAACCGACAGGGTCTAAATATCGGCGGCGTGCAATTGCAGGCCAACGAGGTTAACTTACCCTCTACCGTCGGGGACGTAGCAGTAGACACGTCCAAAGCAAACCGCCTTGCAGCGCTCGCTGGCTTCGTCCAGGACTTCGGCATAGGGTTTGATGCAGCAGTAAAAGAAAACGCAGCAGCAGCCACTGTGCGCGGCGCTATGGATGCCCAGGGCGCAGTGGACGCAATGGCTGAGAAGGATGAGCGCGTACAGAAGCAGAACCTCTTCGTTAAGGAAGCTTATCAGGATGGTTATGTATCTGCTGCCGCCTACGATTCCCTGGCTAAGTGGCGCACTGACAGTATCGCCCGTGCCAAGAAAGCAGCTGAGTCTGGACTGACTGACGAGGAATTCCACCAGCAGGAGCAAGAGCACGTTCAGGCAATGGCTGACAAGCTCGGCATGTACCTGCCGGATATGTCCAAGCAGTCCGCTACAGCGGTACTGCAGCAGCTCCGTGCAACTAGCTTGGCTAACTACACAGCCTTCCAGAAGGGCCGTGCAGCATTTGCAGTAGCTCAAGCAGACCGTGCTCTGGACCGTGGGCTCAGCTCGTCCAGTGAGGAGTTCTACCAGCGCCTGAGTGCTGGGCAGGGTGCAGCAGCGCAGATGTCAATTAAGAACGGTCTGGATAGCATTCTAGCAGCTGAGCACCTGGATAAAGCCAAGAAGCTGGACCGGGCTAAGCAGTATCTGGTTAGCGTAGCACAGCAGACCCAGGACCCTCTAATCATCAACCAGTTGCAGGAAATGGCAACTAAAGAGCTGGGGGTTAACTCAGTAGATGTCAACGCTGCTCTGTATCAGGAGTTTAAGCGTGCTGGTACTCAGATTGAGACTCAGGCCCGCTTTGAAATCTCCGATGCAATCCAGTCCCTCGAAGGGCAATCCCCGGAAGAGCAGGAGCAGACAATGCAGCGCATCCGCAACCGTGTGATTGAGCTGTCTGCTACGGACGTACTGAGCCCAGGCACCAGTATGGAGTTCTGGAACAAGGCTCAGACCATCCGGGAGAAGTCTGCTGATACACAGGCGCTGCGCAGCGCCGTTACTGGGAATCTCCCTACCTCTACCTTAGCTGGTATGTTCAAGGGGGACCTGGATAAGGCGCGTACGCAGCTGCTCAAGAACTTCCCGGACACTCCGGAGGGGAACTTGCAGCTGCTGGCTTACGGTAGCAACAGCAAGGATGCGTGGGCCGTCAATGAGGCGCACAAGCGCATGTCCACGGATATGGCGCGCACCCTCACTACGCTGGACCAGCTGGGCGAGGACGGGCAGGTGTCCCGGGAGAACGTCAACAGCATTAACCTGTGGGCTCAGGCGTACAGTACCAGCACTGACTTGGGTAAGATGGCCCTGCTCTCCGAGGTCCCTTCTGAATGGCAGGGTGTAGTCCAGAAAGCTATTGCACAGAACCCCAATAACGCCAGCAACACTATCCTGGATGACTTGCGCCGCCAGGCCCGTAACAAGGCCAGTGGGCGCTACAGTAACATTAACAGCAACCCCACTGATAAGATGGTGGACCCAAGCGGCACCGCTAACTGGTTCAGCTTCTTTGGTACGGCGGATGCACAGCGCCAGGAAGCGCGCGCCGCTATGGAAGAAGAGTATCGGTATGTATACAGCCACAATCCAGAGGCGCTGGTTGGTAAGGATGCTGATGACATTAACACCATGCTCAAGGGTAACATCCAAGCCCGTAAGCTGGAGCTGGATATATCCGGCGCACCTCGGCATGTGTACCTGCCTGCTGGGACCTCTATCCAGTCCCTCATGGGGGATTACCGAGGGGACCAGGAACAATTCAAGGCGTCCTTGCAGCAGCAGATTCAGAACCAGGTTAACGCCTTAATCGACCCAAGCAACCTTGAGCGCGTAGTGGTGCAGGCTGCTACAGCAGGCAACTCCGCCCAGAACATGACCGTCACCGCCTTCGACAAGAAGGGCACCTTCCAGACGATGTCTGTGAATCTTCGGGATGTTCAGGTAGCTGCACAGGACGCTTACGATAAGGCGCTGGCTGGGGAGATGAAGATTGGTAGCGAGCAGGTCGGTATCCGCCCAGCTACGTTCTACGACCACGACAACGGTAGAGCTGCAAGCGTCCAAGTCAACGGGCGTAATGGGGCCGGTGTAGAGCCCTCACTGTTCAGTGAGATTCTCGCCAATACCATGCAGTTCGAGGGATTCCGGGAGGGTAAAGGTAAGGGAAGCGTAGGCTTCGGCCTGCACATCAACTCCGGTATGCCGGTTCCGAAGAAGGTTACTATCGACGACGGTATCAGCATTCTGAAATCCTCCCTGGAGCAGCAGTACATCCCGAACGTGCACAAGCAGCTGCGCGGGCAGGGCCTGAGTGCCTCTGCGGACGCCATGAAGGTTATGGTGGACCTGAACTATCACGGAGGTAACGGGAGTTCCGGCCCAGTGGCTGAGGCTATGGCGCAGGTACGTAAGGTATCCAAGACCCCTGTAGGGGCTTATCAGTACCCTGTATCGGAAGCCCAGGGCAAGGCTTGGCAAGCACTTCGTAATACCCCAGCTTACAAACAGGCACAGCCTGAGCGTAAGAAATATCTGGAGCAAGGACTGCGCAACTGGCTGTTTGAAGTAGCGCACTAA
A1a,A1a_gp5,ATGGCTCAGTTTCTGAACCAAGAACCGAATCCACAGGAAAAGGATTCTGCTAAGGGCGCAACACTTAAACCTGCGCCTGAGAGCGTAGATTGGAATGACGCAGGGGACGCCGGGCTGAATGCCCTGCAGCGTTCCTCTATCATGGCCCAGGCCAAAGTGCCCGCTACGACAGTTAGCGAAAGCTTTGCATCGGGTATGGGCAACAGCATCGTGGCTGCAGCTATCCGCAAGGCATCTGCCCCGGCGTTCGACCCAGAGCCGATGTTTGATGCGAAGAAGCAGCTGCGCACCGACTCCCGGGCTAAACTCTACACTCCTAACCAGGACGAGATTGAGTATCTGCACGGCGCAGTGTCTCTGGAAGACTACAACTATCGCATCCAGGCTATGCTGGAACAGCGTGACCGTGACCGTCAGATGTCCGATAATACCTTGGCTGGCTTCGCCGGTGCCTTGGTTGGGGATGCTCCGTTTATCCTGGCCCCGATGTCGGCAGCGGGTATCGCTGGTCGTGCTGGCTTAGCGGCACGTACTGCTATTCGTGCAGCGGATGTAGGCACCGCCTTCTACGCACAGGACCAGCTGGGACAGTCTGCAGCAGTCACTGCCTTGGTAGCAGGCGTAGCGGGTCTAGACCAACTCTGGGACATGTCCAAGGCTGCTAGGGCGGCTGCTAAGGCACGTACTGGGCGGGAGCCTATGTTCGACCCGGAAGCGCCTACAACTCGTACAGCAAGGGACTCTAATGTTACCGGAGTAGGAGAGGGAGACACAATCCTCACTAAGACACTGGATGAACCTATCCAAGTACGTCGAAATAACGCTGCTGCTGTTAACATGAAAGCACAGGATGTAGTTCGGTTCCTCAAGACCTCCGAGCATTTATCTAAAGGTCAGAAGGCTATCCTGGACACCCTGGGCGACGCAGTACAGGACATTGATTTTAAACTGGTGGCTGGCTCTTCTAACCGCAGCCACTATGGATTTTCACCGGCATCAACAACTGACAGGGGTTTCGTATCTTTACGCGCCCCTAAGAAAGCTAACGGAAGCACCTGGACCACTGCAGGGGATGCCCTGCGTGCTATGGATGCGGACACTAGCCGGGTAGCAGTGCACGAACTTATTCACGCTGCAACCACCCGAGCCATTAAGCAGAACCCCGAGATTGCCAGTAAGCTGGAAGAGGTACGAGCTGCAATAGCAGCCGATTCAACCCTAAGCGGTAAGCTCAAGTACTACGCAAGTGATGTGCACGAGATGCTGGCCGGATTGGGTGATAGTCCTGAGTGGGTAGAATATCTCTCCAGAACTCCGTCCCCTACTGGTAAGAGCATGCTCCGCCAGATTGGTGAGTACATCATGAATGCGCTGGGAGTTCGCACCAAGGGCTCGGCCCTGGAGGATGTCCTGGATGCGTACGAGGATGCTGTTAAGTGGACCGCGAAGGATTACGCAGACCAGGCACAGAGCTTCCGTAGTGAGTCCTTCCAGGACCTGGCAGGTACCTCGGTTAAGAACGAGGCCCTGAATGCCCAGGCCATGATGGATACTGCTAAGCGTAAGTTCGCTACCATGTTCTCGCTCTACGACAACATCGCAGAGGGTAACGAGGACCTGGCACGCTTACTGGTATCTGATGCTACTGCCGTAGGTGGGCGCAAGCCGTCTGTGGTGGACTTTAAGCGTAACCTTACGTTGGAGATGGACGCCAGCGCCAGCGTAGTCGAGGATGCCATCATCGGTGCTCTCAAGGCCAAGGGCGTAGGTTTCACCGACCGCTTCTTCCACCGTAGCAAATTTCGAGCAGCTCGCGCTGACTTAGAAGACCGTTTAGGGCGCTATCTGGACTCTGCGTACAGCGCCGAGGTTAATGGACGCCCTGTACCCCTGCCGGACTCTGACTTGGTTCCGCTCGTAGAGGCGTACCGCAGCTCTGGCTGGGCCAGTAAGTGGCACGACCACATGACCGCTGCCGGACTAGTGGATGATGGTTCTCTGGTTAAATCGGACTACTACTTCCCGCGCCAGTACAGCTACGACAAGATGCGCCAAGGTATCGCAAACGGTCGCTCTCTGGACAACTACCGGGACCTGTTCCGTCAGGCACTGCGTGACGTGTATCCGTCTATGGAGCCTGAGGTTGCTCAGCGTGTCGCCAAGGAAATGGTTGATGGCATCTACAACGGACGCGCCTCGGCTTCCGGCCCTATGTGGAAGCAGCTTATCAACGGCATGGGTAACGACGAAGTGGTCATGGCTATGCGTAATGCTGGTGTAGACGAGAGCGCAATCCAGAGTTTCCTGGCGGGTAACGTCCGGGAATCCGGTGCTACCTCCCCAGCTCGGAACCTGCGTCAACGTACCCGGTTCAACATGGACAAAGAGTACATCGTGGATGGTCAGGCTATGCGTATGCAGGACCTGATGGATACCGACGCAGCCAAGGTGATGCACGGTTATACCAACCGTATGTCTGGTCGTGTCGGTATGGCCTACGCTGGGGTATCTGACCTCAAGACGCTGGAGACGATGATTAACGAGTCCAAGCACTCTCTGGCCGACTCCGGCAAGTGGGAGAAGACCGTTAACGACGCTATCGACTTTATCCTGGGTGGGGCACCGGCTGATGCCGGGCATATGCCGGACCTGCTGCGTGCAGCGGGGAACATGGCTAACGCCACCATGCTCAAGAACTCAGGGCTGTATCAGCTCACTGACACGGCCTTGGCTTTGAAAGAGTTTGGTATGGCGCGCGTGCTCCGCGGTATGCGCGAGCAGCCCTGGTTTAAAGAGGGTGCCGTAGCTATCCGTACCCCGGATATGGCTAGCCGCCTGGACATGGTCCTGCGCGGTAATATCCAGAAGGAGATGCGCTTCCGCTGGCTGAACACCTATGCAGACGACAACTTGGACCTAACCCGTCAGGCTTCTTGGTTTAACGTCACTCAGAACGTTGGGCAGGCCGCTCGGCATGTTAACGGTATGAGCATGGTGCACAGATTGCAGGTGAACCTGAACTCCGGGATTGTCGCTGACGAGCTCACTCAGATGTTCAAAGGTGACGCAGAGGCATTTAAACGCCTGGAGCGCTTCGGGCTTACCCGCGATATCGCAGACCGCGCTATTGCTGCCAACAAGGCTAACCCGGGTGCGATGTTCCAGCCGGACCTGCAAATGCAAGTCGAAGTGGTTGGGACCCGCATGATGGACTACCTGGTGCAGCAAGTACGTACCGGCGAGACTTCGCACTTCGCACAGTTCAACCCTATCGGCAAGGTGATTGTCGGCTACCAGAGCTTCGCCCTGGCTGCCACCAACAAGATTCTGCGCCGAGAACTGAACGATGCTGGGTGGATTGGGGTTGCGCACATCATGGCGTACCAGTTCCCACTGATGCTGCTCGCTACTATGGCTAAGCACGGTATGGATGGCAAAGAGGTAGACACTCAGAAGCTTATCGCCGAGGCGGCTATGGGTATGAGCGCCATTGGCGGTGTCTCGCTTCTGCAGGATATCTTCACTGGGGACTCCCCGCGTCACTCTCTGGCGTCTATGGGTTACGTCACAGGGCTACTGGGTGCGTTGCAAGCCCTGACTACTGGGAATATGGATATCCAGACCTTCACTAAGCAGGTCCCGTTAATCCAGGAATTCGCACCTACGCGAGCTATCATCAATAACTTCGGAGACGATTAA
A1a,A1a_gp6,ATGGCATACAGCTGGCAAGAGTCGGTAAAGCCTGCAGGTACACAGGATATCCAGTGCGATATCGAGTATCTGGATAAGTCCTACATTCACGTTTACTTAGATGGTGCTGAGACTACTGCCTTCACTTGGACCAGCTCCACCAATATTCGTCTGAACTCCCCACTGTCTGCAGAGACAGTGGTGCTCCTAATTCGAAAGACTGAACGAGAGTACCTCTACATTGAGTTTGCTAGCGGTGCCCCGTTCATTGAAGGTAACGTAGATTCCCAGAATACACAGTTTCTGCACCTAGCTCAAGAGCTTGTTGAAGGGCGCGCTATTGACGGATTCTACGGCGACATTAATATGCATAGCTACCGCATCACAAACCTGGGCGACCCTGTCGATGCGGGAGATGCTGCTAACAAGCAATACGTTGACGCTGGAGATGCCAGGCTAGACCAGAGGGTTGACGCAGAGGAGGCTGCGAGAAAGTCTGCCGACGCTATCCTGGATACCCGTGTAACTAATCTAGAGCAGACCTTTATCTCTGATAAAGTTACTGTAAGCTATCCCTGGTTTACGGTACTGGACACTGCCACAGACACCGTGACACCCCCCATCGCTTTTAGTAAGGCTATAGTCGAGCTGAATGGGGTGGGACAAATCCCAAACTACAGTTTTGTGGTGGTGGAGAATTCTCTGCTATTTGCGGAAACACTGCCTGCTGGCACGCTCGTAGCTGCCAGGTTGGGCGCAGATGTCGAGGCAGGTGATGGGTACGTGACCCAAGCAGCCTTCGACAACTGGGTAGCCTCAGTCGGCGAACTGGCGTACAAGGATTCGGCAAATGCAGTGGCGGATAGTACCGACACCAGCAACGTTGCCACCCAGCTAAACGCCTTATTGGCAGCTCTGAGGAGTGCTGGGATTATCAAAACTTAA
A1a,A1a_gp7,ATGGCAGGGGCGGCTAAACGTAGTCGCCTCTCTGAGCTGCACCGCATGTTCACCGAGGCCTTGATTGAAGAAATCAAGCAATCCAAGGAAGATGAGGTACCGCTCCCCGCCGCAGACAAGTCCGTCATTGCTAAGTTCTTGAAGGATAACGATATCACCGCGGATGCAGATTCCGAGGAGATGCAGGACCTGCGAGACGAGTTCGATGACGAGCTTTCTGCGCGCAGAGAGGCGCGTAAGCAAGAGATTTTAAACAAGATTAGTGGTTCGGATTCTGAGGACTTACTAGAAGGAATTGTCTAA
A1a,A1a_gp8,ATGGTATCGGTGAAGACTGCGCGACGACTGCGCATGCTCAACCAGAAACTTACTGGTTATAGCGCGAACCCGCGCAGTATTCCCAAAGAGGAGCGCGAGGATATCGCCATGATGATGGCGGCTGCCCTCAGTGATTTCCGGGAATTCGCATACATCGGTATGCGCTTCCTGGGCTTTACGCTCACGGACATGCAGGCCGACATCGCAGAGTACATGCAGAAGGGCCCTAGGAAGCGCATGGTGGCCGCGCAGCGTGGTGAGGCTAAGTCTACACTGGCTGCGCTCTACGCCGTCTGGAGGCTCATCCAGGACCAATCCTGCCGTATCCTGATTGTATCAGGGGCGGAGAAGCAGGCGTCCGACGTAGCGAACTTAATCATTCGTATGCTGGAAACCTGGCCGCTTCTGTGCTACTTGAAGGCCGACCCTACTCGTGGGGACCGTACTTCATTCGAAGGTTACGACGTCAACTGTGACCTGAAACCGCTGGATAAATCCGCCAGCGTAGCGTGTGTCGGTATTACTGCGTCCCTGCAGGGGAAGCGTGCTGACCTCTTGATTCCGGACGATATCGAGACCACCAAGAACGGTTTGACACAAACCCAGCGTGAGCAGCTGCTGATGATTTCGAAAGACTTCGCAGCTATCTGTACGCACGGGGATACGCTGTACCTGGGTACACCTCAGACCAAGGACAGTATCTATAAGACCCTGCCGGGGCGTGGCTTCGAGGTCCGAGTGTGGCCCGGACGCATCCCGTCTGTTGAAATGGAAGAACGATATGGAAGTACACTTGCTCCTTATATACTGCAGCTCATTGAGCGGGGTTATAAACGCACCGGCTTCGGCGTCGACGGGACGCTAGGAGAGAGCACAGATAAGGGTCGCTACGACGAGGATGCGCTGATTGAGAAGGAACTGGACTTCGGTCCGGAGGGCTTCCAGCTGCAGTACATGCTCGACACGACCCTGTCTGACCAGATGCGTACCCGTATCAAGCTGTCGGACATGCTTGTATACTCCGGTAGTCTTGACTCCTCTCCTGAGACCTTCTCCTACATCGCAGACCGCCGGTACCTGTACCAGCATGAGCATGAGGGGATTATGGGCCAGCAGATGTATTTCCCGGCGTTCTACGGGGATATGCACTTACCGTATCAGCACAAGGTGCTGGTGGTGGACCCAGCTGGTTGTGGTGGGGACGAAGTCTCTTACGCTGCGGGCGGGGCCGCGAACTCGTACATTCACCTGTTCTCCGTTGGGGGTTTCCAAGGAGGTGTAAGCACTGAGAATATCGACAAGCTCATTGACCTATGCGTAGAGCTGGACATCTCGGACATGGTGGTGGAGAGCAACATGGGGCACGGCACCGTGTCCATGCTTATCCTGAACCGTTTACGGGAGCGCCGTCTTGCTGGTATCGGCGCGCGTGACATCAACAACACCACGCAGAAAGAGCGCCGTATCATAGACACAATCAGCCCGGTAACTCGACGTCACCGCCTGGTGGTGCATGAGCGTGCTATCCACGACGATATCGGGACCTGTATGCTCTACTCCCGGGACCGTCGCTGGCTGTACTCTGCGTTCGCACAGCTCGCGGGCATTACGTATGATCGCGGCAGCCTGGCTAAGGATGACCGAGCAGATGCCATCGCTATGATGGTGGCGGTACTGAACGGGCACCTGGTAGAAGATGAGAAGGTGGTAGCTGAGCGAGAGTCTGAGAAGCAGGCACTGGCATTCATTAATAACCCGCTGGATTGGGCGCAGGGTATGGTCCAGAAACAGTTGCGGGGAGTCGCTGCACGGCTACATAACCGTGGTAGAGGCAAACAACATAGAGGAAGACGATAA
A1a,A1a_gp9,ATGGCATCAATCATCGCGGCTAAGTCTGCGGATGTACAGTACGCCATTGTAGGCAAGAGCCAGAACCTTGAGAAAGAGGTGGCCCCTGACTACAATGTCGGCTTTGTGGGTACGGGTGCGCTGGATAAATTCAATGCTTTCTTTACCTACATGGAGTCCCAGGGCTACTCGGCTACAGCTGTCGGGGAATCCTTTAAGGACGACGGTACCTTGCAGGCGCGGCTGTTCTCCATGCTGTTCCAGCTTAGCAAGACCGGCTACGTGGCACTTACCGGTACAGGTATGCCTCTGGGCGAGGGTTCTGGTACGGACTTCGATAACTCATTCACGGCCCTGCAGTCGGCCTTCGTCGCAGCGACTAACGCTGCTGCAGCATAA
A1a,A1a_gp10,ATGGCAATTGCTAAGGCAACACAAGCACAGCAGCAGGAGCTGCTTCGTCAACTGAACATTCTGGGTAAGGACCTGTATGCAATCCTTACGCAGCCTCAGGACGTAGCCCAGACCGGCGCAGCGTTCGACACTAAGATTGCCGCACTGGAAGCTGCTGTTGCAGCGGTGAAGGCGGCTAGCTAA
A1a,A1a_gp11,ATGCGTAAACTGGTCGCTGGGTTACTGCTCGCGGTTACTCTGACTGGTTGCTCAGCGACCTCTGCACTGACCGGCTTAGTTGGTTCTAAGCCGGACGTGTCTGCACAGGTCGGTGCTGAGAATACTAAGCAGACACTCGGGCTGAATAACAAGGTGGACTCCAGCACCACCAACAAAACCGATGTACAGGACTCTAACGTGGGCACCCTGGATACTTCTAGCAAGAAGCAAGTGCAGACTATTAGTACCGGCACAATCCAGGCAGAGCGCCTGCAGGTGGTTAACAATGATAGTTACAGTCTTATCCTCGCCGGATTAGCTGGGGCCAGCATTCCTTTGGTCTTCCTAGTGGTCATTCTGGTGATTCGTAAGCTGTTCAGGAAGAAGGGGCAGCAGGATGATTAA
A1a,A1a_gp12,ATGATTAAGGTAGGAGACGTGGTAGGGTCAGACCTCGCTACCCGGGCAGGTGCAGCAGTTACCGGCGCTACGGTATCAGGAGGTTGGTTGGCAGAGTTAATGAGCTGGAACTGGAGCACTATCAGCTTCATCACTGCAACGGTGTGTGCAGTGCTAACCCTAGCGTGGAATGCGTATTACAAGCGACGTACATTCAAGCTCCTAGAAGAGCAAGCACGTAAGGGGACTATTAAATATGAGTTTAAGGACTAA
A1a,A1a_gp13,ATGAGTTTAAGGACTAAGGTTGTAGCGGCCCTCACGGGGGCCACTATGCTCGGCGGTGCTATCACCGGGGTGGTTAAGCATAACGAGGGCTTGAGCCTTACCGCCTACAAAGATAGTGCCGGTGTCCCTACAATCTGCTACGGTGAGACAAAGGGCGTCAAAATGGGCCAGAGAGCCGCGCTGAGCGATTGTCAGAAGCAACTGATACAATCAGCAGGGGAGCACGCAAAAGCTCTTGACGGGCTTCCTATGCAGCTCTCTGACGTGGCTCTGCTGGGTTCCCTGGACTTCACATATAACGTAGGCGTAGCCGGTTTCAACGGAAGCTCCGTGAAACGTCATCTCAAAAGCCTTGATTACGCAGCGGCCGCGAAGGCTGTACTGGACTGGCGTTATATTAGCAAGTACCAGAAGAATTCCCCAGGGGTTGGATGGGTGTACAAGGGCTCTAACCGCTGGACCTTTGATTGCTCCCAGTATATCAATGGACAGCGCAACAAAGTGTGCTGGGGCCTGTGGGAGCGCAGGCAGTGGCAGAGCAAGGCCATCGGCAATCAATACAAGAATGTAAGCGCAGCCTTGGCTGAATTAAAACGATAA
A1a,A1a_gp14,ATGGCTCTTGTTAACCTGGTTACAGTAAACCCAAGAGATTTAACGCATGTACAGTCCTACGCCGAGTTAACTACCACGGTGCCCAAAGCAGCCGGGGAACGTATAGTGCTTCTGCAATACGCCCCTGGGCTTGCTCCTACCTACACACAGTATGTAGCCAAGGCAAAGGACGGCGCTGTAGACAACGGCGGCACTGTGTGCGTTCCGGCAGTAGGAGACTTTCAGTGGGTGCTAGTCACTGAGGACGGGGAGGTTGGTCCAAACCATGCAGAGGCTGTACGCCCCGAGTGGTTCGGTGCAGACCCTACAGGCCAACTTAATAGTGCCCCAGCATTTAAACGCACCTTTGCAGCCTACTCTAAGGTAGTACTCAGCGGAGGCACTTATCTATACTCAGATTTAACTCCGATAGACAAGGGTAGTTTTACCATCCTAGGACGGGGGAGCCGGATTAATCTGGTAGATGGAGCCCAATTCTTCGTGTGTACAGGGACAGTTGGGCGCATCTGGGTAGAGCACCTGTATCTGAGCGGAGGAAAGTCCTTCTTTGACTTTAGGGCAGCCACAGCAAACTCATTTAATGATGTGCGCGGATTCTACGACCTCAACCTGGCAGACTATACCGAAGTCGCTATCCGGTATACAGATAGAGATTGCCCGTGGTGGAGTGTTGATAAATGTGTCTTTGCTGCTCGCACTAATGAGGGAACCATTGGACTGTGGGATAACGGCTCAGATAACAACGTTGTCAGGGATTGCAAGTTCTACAAGAACCAGTATCACATCAGTGCAAAACTAGGCTCCGGCACTTACAAGATAGAGACCTGCGATTTCGGGCAGTTCTTCACTACCGGAGACGGTGTAAACCGAGCCAACATCTGGATTAGGGTTCCAACTACAGCTCCGACACCTACCGGAGTTACCGGGATGTTCCTGGTAAGGGACAATAAGTTCGGGAACGAGAACGAGCGTAGCAGTGACGTTAAGCTTTTGTTAGCTAACGAATCGTCCAGTATGCCTGTGTATGGAAGTTACTCTGGAGCCTTACCTGCAGTGCACTTTGTATTTGGCGGCAACTACAGCACTGGTTATGGCAACTACCCAGCACACTGGATGCGCAGTGTTGGTGGGTGGCTTCCTCAGACATTTACGTTTGAGGGCGATAACATCCAGTACGCGGATATCTCTAAAGGGAAGTACTTCTGCTTTATGGATAACGTTACTCGCAGCACTCCCTATAGCATCCTATTTAACAGGAAGGCAGCTCGGGATAGCCAGCTTCTTTGGCGTGGTGCTGTAAGCAACGACCCGCTGGTTTCATTCACCTTGACCGACCCTAGCGCTTCCATTCTAGCTGGAGACCCCTTGGTGCATAGTCCGTACTCTGCAGGGGTAGGTTCTGGTACTATTGACATAACCAAGAATAAGATGCCGAGCGTTACGTATGCCGGAGTAGGGATGACTATCGCCGCCAGTGCAGACTTTCTTGGCCGTTCGGAAGCAGTGCGTGGCAATTATACGCAGCGGTTTAACAACATCTTCCAATCTCTGGAGACTGTAACTGCGTACCAACCTGGATTTATTCAGGGAGAAGCTAAGCTAGCAGATGACGCTGCGTTTGATTCTGCAGTGTATTTAATAGATTACGCGCAGGACGCCGCGGACCAGGTGGTGTACAATCAGTTCCCTATACAGCTTAGAAAGGGTGTGTGGACTAGCTATTGCTTCCCGGTTATGTTTATGCCCAACAAGGCTAATCACTGCTTAGTGTTTAAGCCGAATACACAGGACACTACCAGCTATCCTAATTCCGTGGTGTGGTCCCGTAGTCGAGCATATCTAGGCAAGACTCCAGGTTTGGTGGGCGTACAGAGGCTAGGTAGCTTGATACTGAACGAGGTTCCACTAGCTGCTACTGGCCTACCGGTTGGTTCTGTATGGGTAGATGCAGCGGCTGGGAACGTACTTAAAATTGTTACGTAA
A1a,A1a_gp15,ATGGGGGCAATTGGGCGCGCTGAGGGTGAGGGAGGGGCTCGCGTGAGTCTAATAAATTTCAGGTCCAGGTATAGACCTGCACGCCCCTATGCAGCAGCTAGGGTGCTCGCGGGCTATGCTTGGGTTGTGCATAGATTATGCTTAGATTATGCTTGTGCCTGCATAGACGCAGCTACGTACGCCTCCGCATCCTGCAGGGACATAATCCCAGGAAGCGCAGTACTGCCGTATATACCCCAAGTACTGCCCCCGTCGTAG
A1a,A1a_gp16,ATGGATAGCCTAGTACGCACTAGTGATAGCACAGGCACGCACTGCGAGCGCACTAGGTGGCCCACACTGTACGCGCACGGTACGCGCAAAATAGGTAAGACAGAGCGCCCACCCAGCGCCCCATAG
A1a,A1a_gp17,GTGAGTAGTAGTGTATATAGTGCCCTAAAACCCTCCTACTCCGGTAACATCATTTCGTATCAGCTTTCGAATGAAAGTAAGAGCAAGGGATAG
A1a,A1a_gp18,TTGAACTATAGCCCTATTGAACCAAAAGAAGCAAGTAATATTTTCAACTTTTTATCACTAAGAGCAAAAAGGGTAAGCAGGGCAAATACTTAG
A1a,A1a_gp19,GTGCTGCTGAACTTGTCAAGCGCTATTTATTACTGCATCGGGAGCCTGTTAACCTCCCTTGTGAGCTATAGCCCCTCAGCGGGCGACACTCTGGCTCCTGCCTTGTTCCACCACGGTGGGACACTTGCCGGGCTAGTCACGCCCTTGTTGGGTTGTAGTACCCTTCCGAACTGCTACCGTGGGAGCCGGTAG
A1a,A1a_gp20,ATGACGACCGAGCCTATACAATCAGTTAAAAAGAGTAAGCGTGCCGGACGTTATCACCGGGGTTCTGAGGCAAACCTACTGCCGAGGCGAGAGCAGCTCGCTCCTCTGAATCGAGGGAACAAGGCGCGGAGTGTATCCCGCAAAGAGCTTATAACATAG
A1a,A1a_gp21,ATGCGCAAAGCAAAGCGTTTAGCATTAAAGCGTAATTGGGAGTTATCAACCAACCCAACTGACGATAAGAAGCTGCTAGTTAAACCTAGCAAGCAAGGGCTGTGCAGTGAGCACAGGGTAAGGGGAAAGCAAAAGCAAAAAGGCAGCAGCAAGGCTCCGCAAGGTTGGTACGGTACAAACAGTCAATTTGGAGGTTAA
A1a,A1a_gp22,ATGTCGTTATACAGCGCGGCTGTGTTACTATTCGTATTAATAGCATTGTTACAAGTTGTACTGGAAGTGTTTGATAGCCGAAACAAGTAA
A1a,A1a_gp23,ATGACTAACTCAACTGGTAAAGTATTCAAGTTAACTGCTGCTGGTAGCATCCGTAAAGCGCTGGGCGACGTAGTGGAAGCAAAGCGTAACATCACCATCAGCGCGCTGTTTCATGGTCTGGTGAGCAGCAACGTTTCCTGGGCAACTGATATGCAGCGTAGCGATGCCGCGGACTTTGATATGGTGCTGCGCACGCTGCTGCCTATCAAGTTCAACAAAGAATCCGGCAAGTACGAATTCAACGCTAAAAAGTGCTATGCGTCAGCTGAGAAGTTGGGCATTGAGTTGGACACAATGCGTCTGGACTATAAACAAGCTGACAAGCAGGAGCGCGAGGTTATCGTAGCCAGCTTCTATAGCTCCTGTATGGCCCTGTACGCCGCCGAAGCAGAGCGGGTGAAGAATGACGCGCTGGATGCCGATGCAGTGCGCCTGCAAGCGCTGGGGCGCGTTAAGAACGCCATCAAGAAGGCCAAAGAGACTGGCGTAAGCGACTCTGACCTAGTGTCTATGCTGGTATCACAGGGCGTGGATGTACGCGCTGTACTGGATGCAACTTTGAAGGTGGCGGCATGA
A1a,A1a_gp24,ATGATTTATAAAGTCCCTGTTATCAAGTGGTGGGCCTTGTGCCCTGCGGCGAACGATTCGGACGCCTTCGACAGCCCTACGGATATCCGCTATAGCCCTTGGTTTTACGTAGGTTTAGGGGATAACGTGTAG
A1a,A1a_gp25,ATGAAAGCAATACTGGTTTATCCGGGGCATGAACTTTATGAGGCTTGCCGAAACATGGAGCAGGACTACGCGTTCACGGTGGTTATATTAACTGGGAGCCCCTTTACCGACAACGTGCTTGAGTATATCGATACTAACACCGAAATGGCTGCCCGCACCGTGCTGGACGCCATAAATCTTGGCATCATCACCGATTGGAGACAACTATATGGTTAA
A1a,A1a_gp26,ATGGTTAATGTATTCAACATCATTGTGACCAGCGCTATGCTGGTGCTGGGCAACGACGTAAACAACCCGGTGCCCTATTGCACAGTGCAGTTGCAGCAACCCGCAACGCAGGAACCGCAGCCGCGCCCTGAGTATGACCTCTTTGAAGACCCCGAGGGTGGTTGCAAAGAGCTGGGCGCGCGTATCCTTGCGTCTGTGCAGGAGCAGTACCCGGACGCCGCCGTGACGCTCACTGTGGACGGTAAGAGCAACAACGATATTTGA
A1a,A1a_gp27,ATGCACGGGAAGAATCCTGAGACGCTGCTGATACGTAAGCAGCAACCAACAATCGAAGGGCTGGCGCGGGAGTACAGCGCAAAGGCAGCACTGCGCCAGCACTATGAGCGGCAAGCGCAGCGCCTGGGTATGACCCTGCGCGGTTACTGCTTACGGTTTAATGTGCGGGGTATTGTATGA
A1a,A1a_gp28,ATGAGCAAACAGAACCTGTATGACGTATACAAGCGCCCAAATGGGCTTCTGTACCGGGTGCCGCTGGATAGTCCGCTGCATAAGCAGGCTGAGCTATTTAGGCCGGACACTAGTTGCTGGTGGCAGTCTGCTCACAAAGTTGGCGGAGTAATATCCAGCGACCGCAGCACCCTAGTGGCCCGCAACGTGGTGTTCAAGGACAGCGTATGCTCACAGTAG
A1a,A1a_gp29,ATGAACTCAAGCAAATCGTGCCAGTTGAGCGTAGACTCCTCCGAGTTCGTAAGCAGGACCATGCGGTGGTGCTCACAACATACCGGGAGTATACAGAATCTGCCGCGCAGAAACTGCAAGAGCACATTCAGTTCGATGTGGTTGCAGCACTACTACGGTGCGGCTATCGCAGAGCATTTACGCAATTTAGGGCGGCAGTGCGCGCCTATTATAAGCAGCAACAACTTGCTAAGTGGTATGCGCGCTGACCTTTTGGTTTATGATGAAATACTTTCAACTCCGGAGATAAAGAAAATGCAAGAGACCAACAAAGTGAACGCCGACGTAATGGTGCCATATCTTGAGGACTGGACTATTAAATTTCAAGAGGGGGATAGCGCCCTTCCAATGAAGGATAGCATGTTCTCTTCCGGGGATTACTGGTGCCAGCTTCAAGACCTAGTAACTCACGGATGTGAGCGAGTACAGAGCAGCAAAACCCGTGCGCTTTTGCGCGGTTTCTACAAGCTGTCGATGGCGCTGCCGGGGTATGCTGTAGCCCTTGGCAACTTCACAGTGGAAGGGGAAGAGCTGCACAGAAGCGCCGGGCCATTGCACCTCGTGGATGTTCATGGTGCTCCGCTGTACGGATTAGTTTGCGCCGCGAACAACCCCTTGCAACGGGCATTCGGACTTCACAGCAGAACCTTCTACGATGGTCACGATGTAGTTACGGAGAGCGTAGTAGAAGCAGTCCAAAACTTTACTGGATACAAGGTGCACAAGCAGGCCGTGGAGTTGTTTGAAGAGATTATGCTGGCGCAGCAGCCCCTCCGTGTCAAGTACTCTTGCTACTACTACAGCGAATATGATGGAGATTGTCAGGCAGCGGCCTTGCTTATGAAGTTGCACGGGTTTGTTGTGTCTAGATTTGCAATCCCGCTGGGCTTCGGCTTCCGCAACGGGGAGCCTGTAGTAATGCTGGGGCAGCCGCGGCTGCACAAAGACTACGCCGCAATTACTGAGTATCGCTGCGTGGAGATGCGGGTAGGCAAGTGGCTCGCTAACTACTACGGCAGCGGCGTAGACTTCCGGGAAAATATCGAAGACCTCAAGGCAATGAACGTGGACCCAACCACGTACCTTTGCAAGACCGAGCAGGAGTGGTACGACGCATACGAGAATGGCCCGAGCAGCTGTATGACCGGATACAGCTTCGACTGCAGCCCGGTGCGCGTATACGCCACGACCAGCCACGGCCTGCCAGATAACGGCCTGCGCCTGTTCATCCAGTACACCGGTGAGCTTTTTGGTGACGACTTCAAAGTGATCGCCCGGGCTATCGTTAACATCGAAACCAACGAATACGTGCGTGCATATGGGGATGCTGCTGATGCCATCCTGCGTGCTAATGGGTATGAGCGCAATATGGACTGTTTAGACGGTGAAATGCTGGCACGTATCCCACACCCGGAGTATGACGGCGCAGTGCTTATGCCATACCTGGACAGCAATCAATGCGGGGTAGATGCAGAAGGGGAGGATGCATTCATCATCCGCGACAGTTATGACCATGAAGCACAAGAAGCGGGCGGGTACATTTATGTTGACGGTGAGCGCTGCTTTTGCGTAGATTGTGGCGCGCGCCACGATGAGGAGGACATGGTAGAGGCTTCTGATGGGGGCTATGTGTGTGAGGAATGTATTGGCGATACTCACGTACGAGTAGTGGGGCGCAATCGGGTTTACCCGTCATGGGTTTGCTCATGGTCCGACTACCACGACGCTGGGGTGTACGATGGTGACGTAGTAGAGTGCGAAGTGGAAGGTGTCATGCACTACTCAAACACCATAGTGTTTGCTCAAGGCCATGACGTAATGGAAGTGCATGCAGAGGAGCACCCGGTGCACGGTCTGATTCTGACAGAACATGCTGCGTCCGTACTGGATGAGCCATACCTCGGCAATGATGAAGATGGAGAAGCCAAAGAAGCACAGGAGGCAGCTTAA
A1a,A1a_gp30,ATGTACGGTGTCGACCTTAAACTACTGACAAAGATTCTCACGACGCACCGACCAAGCTGGGGCAGCACTAAGTGGTTTGAGCCGCTACTCAGCAGCGCCCTTGCTAGCGGTGAGCGGTACGTGCGAGATGCACATGGTAACTACTTCGTGCTCATCGGCGACTCTGAGCAGAGCGACGTAGCGTTTACTTCGCACCTCGACACAGTGGCCCGGCCCGGCAGTGCAGCGCCGGACATTGCCATCACTAACAAGGGCGTAGTGTTCCTACGGAACCCGCAGGTTGCAGACTGTCTAGGGGCAGACTGTGGTGCCGGTATCTACCTGATGCTGGAGATGATTAAGCGGGGAGTGCACGGGCGCTACTGCTTCTTCGTGGATGAAGAGGTAGGCTGCGAGGGCAGCGGTGCATCCGCCAAGGACGACACAGGCTTCTGGACTGGGGTCAAGGCGATGATTAGCTTTGACCGCCGAGGCGACGGTATCATCACGCACCAGCGGTATATGCGCTGCTGTTCTGATACGTTTGCCAAGGAGTTAGCGGCTCGACTGGGGCGGACGGATGCGCACCTACAGAAAGGGATATACACTGACTCTGCTGAGTTCGTGCAGATTATCCCCGAGTGCACTAACGTCGGCGTAGGGTACATGCACGAGCATACACCAGACGAGGTGCTGGACCTTAACATTCTCGGCGGTGTGCTGGAGCGCGTGCTTAGTCCTGGAACGTTCAAGGACCTGCCGATTGAGCGTGACCCGAAAGTAGTTGAGCCGGATGCGTGGCTCTCTGCATCTGCACATCATTTAACGCATCTGCTGGACGTGCCGCCTGCGGAGGACCCGCAGTTACTGGCCGTGTTCCGGGAGGTATCACAACTTTCTAAGCAGCAACTGATTAGCTGGGTGCTGGATAACCCGGTGAAGGCGGCGGAGTACATCATGGTGTACTCTGACTACGGTTTCAAGGAAGAGTTAATAGAGCTGGGCACCAAGGTAGTAGACGATTGGGGCGGTTTCGATAACATTGTAGAGGGTTGA
A1a,A1a_gp31,ATGTCTAAGTTTAAAGTCGGCGATAAAGTAGTACGCAAAGCACACAAAAACAATTCGTCGTTCAAGTCGTACCAAGGGGATTTTGCTTACTACGTAATTACAGATATAACTACAAGCGGCCACTGGCTGCAGTTGGATAACTTTACAGATGGGGGAGCTGGCCCCTACCCGTGGTACGCCGATAACTTCGAACTGTACCAGGAGAAGGGCGACGAGCTGCCACCGGTTCCGGATAGCGTTATGTATTTCAACTCTGTCCGCGACGAGGACAACGACCAGCGTCTTGTGGTGCAGATGACCTCCTCCGATGCTGGTAAGTGGAGCGACGAAGCTAACGCGCATGTTGGGTTAATGGTTATTCCACGAACAGGTAGCACACTATCGCGCAATGCGATAGGTATTAACTTAGCTCCGGATGCAGCTCTGCAACTGGCACACGACCTGCGCCGCATGGCTATGGATATCAAACGTAAGGAGAAAGCACAATGA
A1a,A1a_gp32,ATGAGCAAAGTTATTGAATACAAAAATCAGACAAAAATTGCGGTCGGTATCCCATTCACTTGGGGAACGCGTAGTACTTGGGCCATAAAAGTAGAGGATGGCGACATGTACTTCTTAGAAACGGGTAGACGCGTACGGGTATCAGAGGAGGAAATTATCGAGGCTGTTATACTGTACGCTAACAGCATCGAGATTAAGTAA
A1a,A1a_gp33,ATGGACCAGCCCTGGCTTAGAGCGTGCAAGCGCCTGGCCGTGGGGCAGAGGGCACGCTTTCGGTGCTGCGGCAGGGACGCCGCCGGGGTGCTCTACAATAACCCGGATGCCTGGGAATACTATTGCCACCGTTGCAAGCAGGCGGGCAAGGAACGCAAGCAGTACCAGCGCATACAGTTACAGGAAGAGCCGAGGGTGCAGCCCTCTGCACCTGCAGATGCAATTCGCATTAGCCAAGCGCCTGCGGAAACGCAGAACTTTCTTTACGGGTTCCTTGCTTCAAAAGGAATCATGCCTGAAATGGTGGAGGATGCAGAATGGAGCAAAGAGAAACAGCGGATACTATTCCGTGTCGGGAGTGCTGGCTTGGGCAGGGCTGTTCATGCTCGGCAGCAACCGAAGTGGGTAATGTACGGGCAGCCAATACCCTTCGCTGCCGTGGGACCTGCCGTAGCACCGGCTGTAGCTGCGGGCGCACCTCTAAAGGTCGTGCTCACAGAGGACTTGCTGTCAGCGTTGAAGATACAGCACGCAGTTACGAGCTACAGTGCATTGAACGTGCAGGCTATAGCTATGCTGGGTACACGCTTGCCCACGCAGCTGCGTGCGTGGCTGATTCAGAATCGCCCGGAAGTGATTCTGATGCTGGATAATGACCCAGCAGGACACGCTGGGGTAGCGGCGGCGCGCCGGGCGTTGCGCCCGTTCATGCGGTGCCGAGAGCATTACTTCGCTGCGGACCCAAAGGACGCAGAAATAAAAGAGATACTGGAGGCTCTGTAA
A1a,A1a_gp34,ATGGGTATTTGGATTCTGATTATGGCAATCAACGGCAGTGCAGTGAGTGACACTGACTTTGCTGCACTTACTACGCAGGAGTTCACGACGCAAGCAGCATGCGACAAGGCCGCGAAGGCGTTCGAGGAGAAGTTCGACACCTTCCGAGTGTACACTGCAAAAGCAATCTGCGTTCCCAAGGAGGTTTAA
A1a,A1a_gp35,ATGTGCACGCAGAAGGTCTGGAACCGACTGCGAGAGCAAATACCCAAGAGCATGCTCGCGCCGGACACCTCTAACCTGCTGGACTGGGTGGGGCTGTACTGGAACACGTACCCGGAGCACCAGGAGGTGCAGTGGGATGCGATGCAGAGCATGCTCAATCTCCGAGCTGGGCACCTGTCCCGCGAAGAGCGGGTGATTATGGACGAGCTTATGCGGGGAGTACAAGCCGTGCCGCAGGATTCTGTGGTGGGGATTGTGCAGACCCTGAACGAGCTGGCGTACAGCGGGGAGGTTGCGGCGCTCACCCAGCGCTACCAGGATGGGGAGGAAGTTGATTACCTGCTGGAAATGAAGCACCTCCAGCGCAAGTACGGGGACGGTGCTGCTGTTCATGATTCGCTGCTGGAATGGGAGAGCGGAAGTGTTGACGAGATACTTGCCGCGACTGATGAGAGCGGCGGTCTTAAACTGGGCGTGTTCGAGCAACTCGCTAGCAGCATCCGTGGACTCCGCGGTGGTGACTGCATCGCCGTGGCTGCTCCTGTTGACTCTGGTAAAACTAGCCTGCTTGCTGCTATTGCTGTGGACTTTGCTAAGCAGATGCAAGAGCAGCAGGACGTCTACGGGGACCGGCCGATTCTGTGGTTGGTTAACGAAGGCCCGGCGACGCGTACTGTGCCAAGGGTATATCAAGCGGCGCTGCATTGGACGCTGGCTGAGATTAAGGAACGGCACAGTAAGCAAGAGTTTGTGCCAGCCTATCTGGAGAAAGTAGGCAGGGCCGACCGTATCCGTATCAAGGCGGCGCACTCTCTTACGATGGCTCAAATATCTACGCTCATGGAAGAGATGCGCCCGGCGGTAATCATCATCGACATGGTGGCGAACATCCGCGGCGGCACGATGGAGTCCGAGCACCAGAACCTTGAGGCGAAGTGGCAGGAGCTGCGAATCCTGGGGTGTGAGAATGACTGCGCAGTTATCGGTACGATGCAGCTTTCCCTCGAAGGTTACAACCTGCTGTTCCCGCCGCTCACGGCGATGAAGCAGAGTAAGATTGGCGTACAGGGTGCCTTGGATTTGGCTATTATGATGGGGTGCTTGGACAGGAACGAGCAGCCGCACATGCAAAACATCCGTGGTATTAGTACGCCGAAGAACAAGATGGCGCTGTCCGGTAAAGAATCGCTCCTGCAATTCGAGGTGGGATTCGAGCCGGGTCGTTGCCGCTTTGACGAAGGCCAGATTAACCGGTGA
A1a,A1a_gp36,ATGCTTAAATCGTTAGACATTAACTACCTCGATGAAGAGGTAATCAAGGCGTACGCTGCGTCTGCAGGTACTTTCCGTAAACGATTCGCGCTGGATAGTAGCCAGATTATTGTTATGCTAGCCATCAACAAGGCTCGGAGGGCTAAATGGAAATGA
A1a,A1a_gp37,ATGGAAATGACAGATTGTATTGACCACGGGCAGAAGGGAAGCACTTGCCGAGGAAAAGGAGCGGGATATGGGCGCTCTAGATTTGATGGTGTGACAACGGGGAGCCACCGAAAAGCATATTGTATAGCCAACAACGTAAAGCTAAGCGATATCGAGGGACTTGTAGTCCGGCATTCGTGTGATAATCCCCGGTGCATAAATCCGGAGCATCTGCTACTGGGGACTTCCAGCGACAATATGCAGGACAGAAATAAAGGCGCGCGCAATTTATTGGGGAGTCGCAACCCCGCTGCTAGGCTTACTCCAGAAGACGTGCGCAGCATCCGGGAAGCGTATGACGGTGGCGAGACCCAGGTATCTATCGCGAGACGCTTCGGGACAAGTCAAGGATACATATCTAATATCATAAAGGGGAGAGTATGGAATGAGCAGAAGCATCCTGATAACGGATTATGA
A1a,A1a_gp38,ATGAGCAGAAGCATCCTGATAACGGATTATGAGACGCAAAATCACCCATATTACGGCAGTGTTGCGTCCCCGTACTGCCCTGATAATTACATCGTAGAATCAGCGTGGCGTATTGACCGCACCTACGATGATGGTACGGTTGAAGTTGGTGCAGTAGAGAGTGTCCGGTATAACAACCGCGCGCACTTTGAAGCGGCACCTGTATCAGAATGGCTCCCAATACCAGCTGACTGTTGGCTGATTGTGGCTCACAACGCCGCATATGAGATTAGCTGGTTCCTAACCTTTGCGCGCGCCGAGTTTGAGGCCTTCCTAAAGCGGGGAGGTCGCGTATTCTGTACGATGCATTCTGAGTACATCGCCTCGGACTTCCAGAGCATGTACCCATCTCTGGACGAGACTGCTCCAAAGTATGGGGGTACGCACAAAGTAGACGGAGTTAAGCTTCTGTGGGAACAAGGTGTGCTCACCTCAGATATCGACCCGGTGCTGTTGCACGACTACCTGGTGAACGGGGATATCCCGAACACGGCCCTGTGCTTCTACGGCCAGTGCAGTATCTTCGCAGAGCGCGCGCAAATGCAGTATGTGTGGGAGCGTATGGATGCCTTGCTAGCGTGGGCCTATTGTGAATGGTTCGGACTGTTCGTGAACATGCCCGTGGCCCGTCAGAACCAAGCGGAGCAGGAGCAGCGAATCCTGGAGATTAAGCAGGAGCTGCAGCAGTATATCCCCAAGGACCTGCCGGATACTCTAGAGTTCAACTTCGGTTCCGACTTCCATATGTCTGCGCTAGTGTACGGCGGGCCTATCAAGTACCGCAAGAAGGTGCCATACGACCCGCCGCAGTATGTGAAGGCCGACTATTGGCAAGTAGGTGATACTTGGGTTGCTGTGGATGAAATGCCTGCGCCCCCGGGTGCGACTACATACAAGTCCGGAAAGAACAGAGGGCTCCCCAAAGTGTTCCGCCTTGATACTGAGGAAGAGAAACTCAAATGGGAAGAGGACCTTTACTTCTGCCCGGGGCTGGTTAACATCCAGGAACTCCCCGAGGTAATACGAGAGAAGTACGCTGAGCGTGGGGAGTTCAGGCAAGCCCGGACCCTGCAGGACGGCACGCCAGTATACAGTACCAGTACTGACGCTATGAAGGCACTGGCACGTCACGGGTTCGAGTTCTGTCGATTGGTGAACGAGCTGGGCGCTCTGGAGAAGGACACAGGGACCTACTACTTACGAACGGAGTACAACGAAGATGGGTCAGTTAAAAAGACCTCGGGCATGCTTCAATACGTCATACCTCAGAACCCTGATGGTTCAGGTATTATCCACCACCGTCTTAACACCTGTGCCACTGTCACCGGGCGACTGTCGGGCTCTAACCCGAACCTCCAGAATCTACCGCGCGATGGGACGAGCCGGGTTAAGCAGATGTTCACCTCTCGTTTCGGAGAGTCTGGTCGTATCACTGAGGTTGACTACTCTGCCCTGGAAGTGGTTATGTCATGTGTTCACACTGGAGACCTTAAACTACTGGGGCTACTGCAGAACCGGGTGGACATGCACTGCTACCGCCTAGCATTCAAGGAGAACAAAACCTACGAAGAGATGTACGACCTCTGCCACAACGCCGATGGGCCGGACTATAAGTACTGGAAGCAGCAGCGTACGGACATTAAACCTCCCAGCTTCGCCGCACAGTACGGCGCAACGGCTAAGGGTATCGCCTTTGCTACCGGATGTACGGTAGAGTACGCACAGGCTTTCCTGGATAACGAGGCTAAGCTGTTCCCGCAAACAATTGGCTTCCGCGCGGTTATAAAGGAAGAAGTAGAGCGCACCGGGGCAGCAGGGCGTATATATCGAGAGCAGGCGGATGATGGCAGCTACCGCATCTACCGCATTGGCACCTGGACCAGCCCGGCAGGTGCACGCTACAGCTTCCGCCAGAAGGAGCAGTGGAAGGAAGTAGTGCCAGGCCAGCGTAAGCAGAAGGTGATGGATTACAAAGAAACCGAGATGGCGAACTACTGGTGCCAGGGGGAGGCGTTCTTCCTGATGGCGGTGGCAGCCGGTATGGTTCTGCGTGCAATGCTGGCGCGTGATTGGTTCGACAATCAGGTGTGTCTGATTACGAACGTACACGATGCACTGTATCTGGATAGTGCAAACCCGGAAGTAGGCAGAGAGGCGAGCCTGTTGGTTAAGCAGTGTATGGAGGACGCACCTAAGCGTATCCACCAGCTGTGGCCCAACTACGGCATCATCGGTCAAGTACCATTCCCGGCGGAAGCTGAGATGGGTACGAGCATGTACAGTAAGGAGAAGGTGGAATGA
A1a,A1a_gp39,ATGATTGGTTTAGAGGACATCCTCAGACAGCTCCGCAAAGTCCAGCTCATCATCACGGCGGAAACAGAACTGCAAGCTTACGCCGCTGGTGGGTGCATACGGGACACACACTTCGGACTCCCAGTTAAGGACATAGACGTAATTGTCCCCGTTGGATGCACTGACGAGAAGTGGGCGTTCTCTGTAATGGAACGATTCGCAAAGTGCTATCGGGCGCTTTATGATGAGCCGGTCGCTATCACTATGGCGTATTGCCAGTCAGCTTCCTGCCGGGATACGCTAGGAGATTTTGACGAGCGTCTGTACGGTGTGGTTAAACTGCAAACCCCCTTTGGGGACGTGGATGTATTGTTCTCCCGGTACTCCAGCATAGGGGAGGTGCTTAACTACTTTGACTGCAACCTAAACACTGGGTACATGGACACTTCGGGCTCTGTCTATTATGAAGAGCCGCAGGATTTGGTATGGTTAAAGCCCGTTCTGCCAAGCAGGGAACAACGCATGCTCAACAAATGGGAGCAAATTCAGGGGGTGCGACATGCAGATTAA
A1a,A1a_gp40,ATGCAGATTAAGCCCGGCAGTATTGTGGAGCTGCTGGAACTTGGGCCGGAGCCTATCGACCCTAAGCTACAGCTATACTTCGCCCCAGGGACACAGCATCGGGTTATCGGTTACGACCCTATAACCTGGGAGGTAGAACTTCTTAATCCGGATAACGGTTCAGAAGAACCTGGGGATGGTGTCACCTTCTTTCCCGGGGAGTACAAACTTATCGTGGAGTGA
A1a,A1a_gp41,TTGGCAAAGATTAGCCTAATTAAACTGTGGACTAAAGAGGAGCACCAGAAGATTCTTGGTACCTTCTTAAACAACACCGATGCAGCGACGGCCTACAATAATAAGTTCAGAAAGGGGGACGTGCTTGTGTCTCGCCAGCTGGTCCGCTACTGGCGCAGCATATTCATGGACAACAAGGGGAGTAAAGCGAATGCTAACCGGGGTTTGCAGGAAGCTCGTAAGCTTATTCAGCCGAGCCCAACCGACGACATTGGAAGCACTAGCGTGCCTAGTACCTGTCACCGTATTCTTGTTGTGGGGGATTTGCATGCTCCTTATACTCACGTAGATGCTATGGATTTCCTGCGAAGCGTACGGGATGAGTACTGCCCGGATATGGTAGTGCAGGTGGGCGACGAAACGGATGGGCACGCAATCAGTTTCCACGACTCAGACCCGAACCTGGACAGCGCCGGGGTGGAGCTGGAGAAAGCTAAGCTAGTACTGGAGCAACTGCATGAACTCTTCCCGAACCTTCTTGTATGCGATTCCAATCACGGCTCGCTCGTATATCGTCGCGCAAAAGCTCACGGCCTACCGGTTCAGTTCATTAAAAAGTACCGGGACATTTTATTTCCCGAACATGGTGCTCCTGCTTGGTCCTGGGCGGACGCCTGGGTACTCAACACCCCTCTTGGACCTGTGCGATTTCAGCATCAAGTGTCTGGTGATTTCATGCTCAACGCATCCCACGAGCGTACATCGCTTGTTCTGGGGCACGAACACGGCCGCTTTGAAGTCCAGTATGCAGCGTCAAGCACAGCGCTATACTTTGGAGCGTATGCTGGCTGTCTGATTGACCGCAAGAGCATGGCCTTTGCATATGGCCGATTGGCCCGCAAGAAACCAATCCTGGGTGTGATGGTAATCACCGAGGGTTGTCCGCAGTTAATTCCGATGCTGCTCGATGACGATGGTCGTTGGGTTGGTCGTTCTAAATAA
A1a,A1a_gp42,ATGACGATGGTCGTTGGGTTGGTCGTTCTAAATAACATCGAGGTGATAATGAAAATGGGAATCTGTTCTGTACTGGGCCTTATCTTCGTAACCCTGAAACTGACAGGTGTTATCGCCTGGTCCTGGCTGTGGGTGCTGCTACCGTTCTGGGGCCCTGCTGCGCTGGCTATAATCCTGGTGTTCGTTGCCGCCGCCGTAGCTTCAAAACGCTAA
A1a,A1a_gp43,ATGACTATGAATGCACTGGACACTCTGAACTCCCTGGTTGCTGCTGCGATTGAAACCCAAGACGTTGATATGACCGAGACCTCCCAGGGCGGTGCGTACGAGGACGTGCTGCTTCCGAAGGGTGAGTACTACGGTTACTTCACTGAGTACGTTGAAATCGGTAAGCGTCTGCCGACTAAGGGGGGCAAGCCTACCGGTAAGCCTGCCGCGGCGAATGTTCGCATCGGTGTTGTGGTGTACGGTCCGAATGGTGAGGTGAAGCGTATCCGCCCGTATCCGATGACTATCAGCAACTTTGAGCGTGCTGGATTCAAGAAATTCTTCGACAAGTTGAACTACGATGGCAGCATCAAGCACGCTGCACAGCGACTGGGGCAGGCGTTTGTATTCCCCGTGGATGAGCACACCAGCACCGCTGGTAAGAAGTCCAACATTGTGGACCTCGCTGCAATCCGCCCGATTCCGAAGTTCGACCCGAATACCGGTGAACCGATTAAGATGCCTGCTCTGGATGCGTCAGAGATTAAGCTGTTCCTGTGGAACAATCCGACCAAAGAGACCTGGGACAGCCTGTATATCGACGGCACCTTCGACGACGGTAAGAGCAAGAACTGGATTCAGGAAGACATGTACAAAGCAGTAGACTTCCCGGGCAGCGCTCTGGATATCCTGCTGAATGCCGGTTCGGTGCCGAGTCCGCAGTCTATGCAGGCACCGGCGGCTCCCGCTGCCCCGGCCGCCCCGGCTGCTCCGGTGGCACCTAGTGCCCCTGTAGCACCGGCAGCACCAGCAGCTCCCGTGGCTCCTGCAGCTCTAGTAGCGCCAGCAGCGCCCGCTGCACCTCAAGCCTAA
A1a,A1a_gp44,ATGCGTCTAATACTTTATCCATCACTTAGTCTCCGTGCACTCAATGAAAGTGAATCCACCAAAATCTGGTGTGTTGTAGGTTCGCCCAGTCGGGTGAAGTTGTCGCTGCCCCTTACCTGCATAGTCCAACACTATGTCATGCAGTGGGATTTCCCCTTCAATCAACTTAGAGAAGGTGTCTACATCTACGGCGTAGACTACTGCGGCTTTGTAGCTCATTTATACCCCCAGGAAGTTCGCTACTTCATCACGCTTAGCGCGCAGTTTATTGGCTTGCTCGGCGTGCTTAGCCGCTTCGTCTTTGCTGTGCTTGGAGGCTTCTACCCGGGCCTCGGATTGTGCCGCCAGGCGCACTGCATCGTCTGCGAACTTAATTGCCAGCTGCTCGTTCATTTGCGCCTGGGCATCGGCACGCTTAGCTTCTGCTGTGTAGGCTGCGCTCAGGAGTTTGATGAGAATCTTGATGATGTTCATAGGCTCCCTCTAAGGCCCCTAGGCGGGGCCGTATTAGTTAGTAGTAGGGTTACTTAG
A1a,A1a_gp45,ATGGATAAAGTATTAGACGCATACAAGAAACTGGTTCTGGCGGTGGGTTCCGTGAACTGTGGTGCCGTACAAGGTTTCGACAACGGAGACCAGCTCGGCGCTGTGTACGACGCACTGGACAAGCTGGCCGCCCTGTACGGGATGGACTTGGAACTTGCCGCCACCGCCTTCAAGGAGCATAACGACATTACGGCGCATGCCGACAAGTTGAAGGGTGACGACCTAGTGCTTATCCGCATTGTGGGTACCCTCAGCATCGGCCTGGCAGAGATTGGTTCATGTATCTACGACGTAGACCAGAGCCTGCGTACGCCGGAAGTAATCGGGGACATGCTCGGCACTGTCCTGGTCCTCTCTGAATTGGAGTAA
A1a,A1a_gp46,ATGCTGATGCTGTACGTATCTCGTGCAATTTACGTAGCTTTGATTCTCCCACTAATCCCATTGGCGGGACTCTGCTACCTGGGCGACAAGCTAAGCAAGGCAAAGTGGGCGGAGCGTTGGGTTAACTGGGCCGACAAGAAGGCCCGCGACATTACGGGGCGCTAA
A1a,A1a_gp47,ATGGGCAAAAGGGTAGGTGCCCATGTAGCAGCATACTTAATTGCTAACAACTTAACCCCAGATGATGTGGTGGGTAAGGTTGTGATGCACAAGTGTGATAACAGGACCTGCGTTAATCCGGAACACCTGGAGCTGGGCACTCAGTCTGATAACATATTAGACGGGTACCAGAAAGGCAGAATAGGGCAAGGTGAGCAGCTGCGTAAGCGCAACCTAAAACTCTCCAACGCTGATGTGGCGTCTATAAAGAGTCGCTTAGTTAGGGGCCGCGGGGGAAACTGTAAGGAACTAGCTGCAGAGTTTGGCGTCCATTGGATGTACATCCTGCAGGTTGCAAAGGGGTATCACGATGGTCGTAAACGGGATTGA
A1a,A1a_gp48,ATGGTCGTAAACGGGATTGACTTGAGTACCCTAGCACCTCAGGATGTAAAGCCTAATGAGGGTAAGGTGCTATTACTCGACTCAGATTTTTATGTCTATAAATCTGCCGCTACGGTCAAGCGGCTGGATACAGCGATACGCCGCTTCTATCAGCTGGTGCTGGAGGACATGTTCCTGGTAGGTTGCTCGGAAGCAGTGGCGTACCTTACGCCTACCGGGTGCGCTAAGTGCCTGCGCTGGCACCTGCCCACAGCTAAGCCCTACCAGGGGCAGCGAGCCAACCGGCAAGAGCTTCCGCTGAAAGCGCCTTTGAAGCGGCACCTGATTGAGAACCCGGACCAGTATTCTGAGCAGGGCATCCAGGTGGTTAGCAGTGACTTCTTCGAGGCGGATGATCTATTCATCATGGACTCGTACGCCTTCGGGGGCCGCGGAATCCTGATGTCCCAGGATAAAGACTCCTGGCTCAGCCCCATGGCCCGGTTTGATATCCCAACCGGCACGGTGTGGCCTGCCCTGGAGAACCCGTTCGGGTGGATTAAGTGGGACGATACCCAGGCTATGCCGGTACGAGCACACGGCACCAAGTTCTTCTGGTGGCAGATGCTAGCAGGGGATGACGCCGACAACGTCAAAGGCATCACATTGCTTGATGGGAAGCTCTGTGGCAAGCGAACGGCCTTTGATGCTATATACCCTATTACCTCAGAGCAGGACGCCGCAGAATTCGTTGTAGCGGCTTACGCTCGAAACAACCAAGACGTACTCGCAGAGGCTGAATGCCTGTGGCTGAGGCGCTCCCAGTCAGATTCTGCCTACCAGTATCTGATGTCACTGTTGACTACTCCCAGTCTACGTGACTGGGTGCACTCGCTGCACGAGTACCATAAGCAGCACATACAGTGGATACAGGAGAACCCAGACAATGGCGAAGATGTCTGCGAAGGAAATGAGCCTGCGGGCGATTGA
A1a,A1a_gp49,ATGGCGAAGATGTCTGCGAAGGAAATGAGCCTGCGGGCGATTGAGTTATACTACGAGGGGAAACATGATGAACTTGAAACTATTCTGGATGCGCTGCGTGAACGAGCACCCAAAACACATCGAAGAACGGTTGAGCATTTGGATTCTCTCATTCACGACAATGCTCTGCTGGATGTAGTTGGGGAGATTGAATTATGTTAG
A1a,A1a_gp50,ATGTTAGAAATGGGTAGAGAGTACACTTGGGGTGCTGCGTGGTGTGTGTACATATTGGAGCCCGCCCCGCAGCAAGGAATACAGGTTCGGTGTACAAACACAGGGGAGGTAATGTCTCCAACACTAACTTTAGCCCACATAAGGTCTGCGCAACTGTGGGAGGGGTTCAGATACGTATGA
A1a,A1a_gp51,ATGAGCCTACGTAAGATTACACGTGCCCAGATTCGCTCTGTGGCAATCAAGTTGGCTAAGGACCAGGGCGGGCTGTGCCTGCTCTGCGGTAAGCCGCTGGACTTCACAATCAGAGGGGTGACTGGTGATTCTGTTGTTGTTGACCATTGTCACATTACTGGGCGTATCCGGGGTGCTCTGCATCGCTCATGCAATGGCGGAGAAGGGAAAGTGGCCTCTGCGGCTGGGCGTTGGATTGTTGGGAGCATGCAATCTTCTAGCGCTATTGCTGAATCTCTGCGTAGAGTTGCCGACTACCTAGACCGTGAACCCACGGATATGCTATACTATACGCATAAGACGCCAGAAGAGCAGGCGCAAGCACAGAAACTCAAGGCCCGCAAGGCCAGGGCACGACGCAAAGCACGGGAGACTATTAAATGA
A1a,A1a_gp52,ATGAGTAAAATTAAAGTTGGGGATATGGTGGTTCGTAAATCTGCGTACGTATCCGGGGACTGGTCTGAGATATGTGACTCTCTGCACATATATCCCTACGACCCCAGGGAGGTGCTGGATGTTAAGGGCTCACTTATTCTACTTAATGGAGACCCCGGTTATTGGCGCGCAGGTTTCTTCGAGGTCGTAGCGGAAGCCCCCACAACTAGCACACAAGCGGCAGACGCAGTAAATTCACCTCAGCACTACCAGTTCTTCCCGGACCTGGAAGCCATTGTGGTGATTGCCCGCAGCATGACTCAGGAGCAATTCTACGGTTACTGCTTGGGGAACCGCCTTAAGTACCGCCTGCGTGCCGGGAATAAGGACAAGCTGGAGCAGGACATTGCTAAGTCTGACAAGTACTTAGAGCTGTACGAGCAGCACAAGGGAGAGTGCGTTGACGCCAAGTGA
A1a,A1a_gp53,ATGTGGCAAGCAGCAATAGAGCGGGGCGACGATAGCTCCGCTAAAGATTATCTGGAGATGTACAATCTCTGGATTAGCAGGAACCTATAA
A1a,A1a_gp54,ATGATTAGCGCACTGAATACGGTTGTAGTACCAGAAGAAGCACTGGTGAAGCGCCAGTTGGAGCTTGAAGAGGCCTATAAGATTAGAGGCATTGAACGTGCCCGCAAGCTGATTACGGATGCTCTGCAGAACGGCGGGATTATGAACCTGCCTATGACTCAGCGCATGCTCACCTCTGCATACGACGTAGCGTCTGCGGCCATTGAGGAGATGCGCAACGTCAAAGCCCCAGGTGTCGGCGGAAAGTACCGCCGGTTCCTGCGCTTAATCCCCTTGGATGTCCTGACAACCTTGAGCCTCTGCACTATGTTTGAGGCGTTCAGCGTAGCGCCCGGTGAGTCTGCCAGTCGCCGACAGACCGCCCAGGCAGTAATGTCTGCCCTGGGCAGGAACGTGCAGTCTGAGCTGCTAGCATTGCAGCTGCGCAACGTTGCCCCGGCGTACATGGACCGGGTGTATGAGTATCTAACAGAGCGCCGTACGAAGTCTCCTACGCACATCCTGCGTACGCTCCGTGCCAGTGCTGAGAACGTACACTATGGGCACGAGCCTTGGACCAACGCCCAGAACATCTCCGTAGGGCGTCTGCTGTGTGCTGCAGTATTCGAGACGGGCCTGTTCCAGTGGAAGACTGGGAGCGGGAACCTGAGCATGCTCTACCCCGCAGATAACGTTATGGAAGCATTCCAGCAGTTAGTGGAATCTGCCGACACTGTGACGATGAAACCGCCTATGCTGGTCCCGCCGGTGCAGCACACCACGATGTGGGACGGTGGGTATCTCACCCCAATCGACAACCGCGGTACGTACCATAACTCGCACATCGACCGCGCCAGGCTGCGCGAAGTAGCGGAAGCATTCAAGTCTGCTGACGGCATCAAGAAGGCACTCAATAAGGCACAGGAAACCCCGTACCGTATTAATAAGCGCATACTGGAGCTGGTGCAAGAGGCACGGGCCCTGGGCGTTGGGGTGGGTATGCCTCGCTCAGTACCGGAGCCTAAACCGGAATGGTACTTGGATGGCGTACCAAAAGAGAACTACACCGAAGAAGAGTTGGACCGCTTCGGAGAGTGGAAGACTCGAATGTCCCTGTGGTACAGCGCAGACCGTAAGCGCGTGTCCCAACTGCGCAGTCTGTTGACCACGCTAGAGATGGCGGAGGAATTCAAAGATGAGAAAGCGTTGTACTTCCCAACCTGTGTGGATTGGCGATACCGGTTGTACTTCAAGTCCTCGTTGCACCCCCAAGGTTCTGATTTGCAGAAGGCTCTACTGGAATTCGGTAGAGGAAAACCTCTTGGGGAGAGAGGGTTGCACTGGCTTAAGGTGCACGTCGCCACTTGCTTTGGTTACGACAAAACCTTATTCGAGGACCGCGCAGATTGGGTTGATAAAAATATGGCAGTTATCCACGCAGTTGCAAAGAATCCATTTGATTCGGACGCTTTTAAGCAAGCCGATTCACCGTGGTGTTTCTTGGCAGCAGTGCTCGACTTGGTGGCTGCTCTGGATTCTCCGTGCCCAGAAGAATACATCTCCAGAACTCCGGTTGCTATGGACGCTACGAACTCAGGTGGACAGCATTTCTCAGCGCTCCTGAGAGACCCTGTGGGCGGACGCTTGACGAACCTGTACTGGGAGGGTAACGACAAGAAAGCGGACCTGTACATGGATGTTAAGCGCCGTACGGACGAGAAGGTGGTACTGGACCTTGACAAAGAGGACTTCGTTATCCAGAGCACGTACTGGAGAGAGAACGAGATTACTCGCAGCATGACCAAGCGTCCAAGCATGACCTACTTCTACAGCGCCACGGTGCGCAGCTGCAGCGACTACATCTTCGAGGGTGCCTGTGCCGAGGGTTACGAAGGAACTGATACTAACAGTCTCTGGAACCTTTCCTGCTACCTGGCCCCGCGTATGCGTAACGCTATCGAGGAGGCTAACCCGGCAGCAGCAGCAGCTATGGGGTATCTGCAGAACCTCGCTAGGCGCGTACCTGCTGGCCAGCATCTGCAGTGGAAGACCCCGCTGGGAGGGTTGGTGATGAACCGGTACTCTCAGAGAGAAGAAGTGCGTGTCCGTATCGACTGCATGAACATGTCCATTATGCGAGTGCACAATCGAGACTTTAAGACCTGCAACAAGCGCAAGGCGGCCTCTGGCATCGCCCCGAACTTTGTGCATAGTCTGGATAGCACACACCTTATGATGGTGCTCTGTGCTGCGGAAGGCTTGGATATCGTCCCGATTCACGACTCACTGGCTACTCACGCTGCCGACGTAGATGCTATGCACCACCATATCCGTGAGCAATTTGTGAAGCTGTACGAGGAGCACGACCTGCTGGGCGACATTACCCGGGCTGCCGCCGAAGCAGGTGCTGACCTTACGGACCTGGAGATGCCTGCAATAGGTACGTTGGACATACGACAAGTGCTGGAATCACCATTCTTCTTCTGCTAA
A1a,A1a_gp55,ATGAAGTTAAAACACACTAGTAAAACACCCAATACTTACTCACTAAAAGTTCTGTATAAGCACAATGACATTACAGAAGCAGTGAAAGCTCTGCATGAACTAGGCCACGGAGTGAGTCGAGGTCTGTCGCCGGAGCAGCACTATTGGAGAGTACTGGGTAGCATCCTGGATAAACAGCAGCTACTAGGAGTCATAGACTCCAAAGGCGAATTGGTGGGCGCTGTTAGTTACTATCCAGAAGCTGTGGAGGACTGCCACTTCGTTGAACCGGTGCTGTATACGGACTTCTTTGTATTGAAGCCTGGGCACGGAGCAGCGGTACCTGTGATTATGCAGGGACTACAACGCTTAGCTAGGCATCTCCGAGCTGGGCGCATAGCCATAAGCCGGGGAGTGTCTCCGAATACGTACAAAACAACTTATCATTTAGTGAGGTCAGAATGA
A1a,A1a_gp56,ATGAGCGGTGGATTAGGTAAATTGTTAGGCAAGGCCACGGATATGCTCGGCCTTACTGATAACGCAGGATTAGAGCAACAGCAGCGCCTGGCTGAGCAGCAGGCTGCAGCAGCAAAGCAGCAGGCAGCCCTAGAGGCTAATAGTGCGGCTGACAACATTGCTGAGGTGGACCCATCCGGGGCGGCCTCTGCATCTGCAGATGCAATTACGTCTGAGCAGAAGAAACGGCGACAGGCAGGGCAGAGCAATCCCCTGGGTCTGTAA
A1a,A1a_gp57,ATGCAGCTTAGTCGGGACTATCAGAGTACGGGTGCGCAGCTGGTCAATACCGCGGCGACTAAGATTGTAGGCGCACTGTTCCCGCAAGGTACCAGCTTCTTCCGGTTCTCGCAGAGCGATGCTCTGAACGATTTTATTAGTAGCCTGGGGAGCTCCAGCACTGCAGAGTCACGGTTAGCCGAGGTGGAAAACACCGCCTCTCAGAAGGTATTCGAGAAGGACGGATACGCTGCGAAGCTTCAAGCTGTGAAGCTGCTGCTTATCACCGGGAACGCATTGGAGTATATCGATGAAAGAACCGGGAAATCCATTATCTACTCGGTCCGTAACTTTACCGTTCGAAGGGATGGTAGCGGGAACGTGCTGCGGCTCATTATCAAAGAGCGCGCCAGTATCCAGGACCTCCCAGAAGACATCCAAAAAGCACACTACAACGGACGTGACCCATACAGCGACATTGATATCTACACTGCCGCTTGTCGTAAGGTTAAGCACCTTCCAACTGGAGAGGAAGCAGTAAGTTACGAGGTGTATCAGGAAGTTGATGGCCGTCGCTTAGGCGAGAGCAGCACCTATCCTGAGCTGGAGCTTCCGTATAACGTGCTGGTGTGGAACCTGGTTAACGGGGAGCACTATGGACGTGGCCTGGTGGAGGACTATGCTGGTGACTTCGCGCGCCTGTCTGTGCTGACCGAAGCGCTGACCAACTACGAGATTGAGGCTGCACGCCTTATCCCTATGGTAGATGCTAGCTCCGGTCTGGACGTGGACGAGTTCTCGCAGGCCGAGACCGGCGAGGCTGTGCAGGTTGGCGGTGGCGGAAGTAACGGTAACACCAAGTCCCCTATCACTGCTTACGAAGGTGGCTCAGCTCAGAAGATTCAGTGGATTGCAAGCGACATTCAGATGCTTGAGCAGAAGCTGGCCCGTGCGTTCATGTACACCGGCAATGCTCGACAGGGTGAGCGTGTAACTGCTTACGAGATTAGGCAGAACGCCAAAGAGGCAGAGTACGCTATGGGTGGTGGGTTCAGTATCCTCAGCGACTCCTGGCTGCGTAAGCTCGCGTATCTGTACACTATTGTGGCGTATCCTAAGTTCAAGGTGTATCTCACCGAGGGCGTGGTGGGTATCAACGTGATGGTGGGTACTGCGGCACTGGCTAAGGCAGCGGCAGCGGATAAACTGCTGGAGGCTACCCAGGCTATGCAGCTGGCTATTCCTGTGCTCAAACAGCTTACCCCTCGCTTCAACGAGGATGCGTGCGTAGATTGGTACCTGGATGCTTACGGTATCGTAAGCAAACCGTTCATGCTCACAGAAGAGCAGCTGCAAGAGAAGCAGCAGGTTCAGGATAACTCCGCGGCGGCATCGGCAGCTCAAGCACAAGCGCAGGCACAAGAACTCCAGGCAGCGGACCCTACCGTAGCAGGACAACAACTGGGCCTGTTACCGGGCTAA
A1a,A1a_gp58,ATGGATAACGTAGAAACCACTCAAACTAACGTAGAAACTACCCAGGTAGAGAACCAAGGCGGCCCTAAGATTCCGGGCCTAGGTGCTCCCCTTAACGCCCCGAATAATCAAGGCGTGCAGGATGCACAGACCACTACCCAGCAGCAACAGGGCAAAGACTCCCCTGCACCTGCAGTAGTTCCAGCACAGATTCCTCTGGATATCGAAGCCTTAAAAGCGGCCCTTAACGACAAGGGTGGCGATAGCACCAAAGAGCAGCCCCAGGAGCTGGCCCAGACAGGCAACCCGACGATTGACGCCGGTGTAGCGATGTTGAAGCAAGTCTCTGGGTTAACTGACTCGGACATGGTGCGGGCACTTGGTAAGGCCCTGGAGTATCAGGACCCTAACCTAATCGATACGGCCTTCATCAAGGAGCGCTTCGGTGAGCATGCTGCGTATGCAGAGCTGCTGGCTAAGGCGTATCTTGAAGACCAGGTGGGACAGGTCACTAAGGCTGTACAGGAAGCGTACGACCTAGTAGGCGGGAAGGAGAATTGGGAGGTAGCAGCGCAGCTGTTTAATTCCAAGGCCCCGGAACCTCTGCGCAAGGCTGCGCGAGTCCTGGCTGATTCTGGCGAGCTTAAACAGGCGGCAGAGTTAGTGGCAGGTTACTGCCGTGATATGGGTCTCATCAAGACCGCAAACCCATTAGTACGTGGGGTCCCCAGCAATAACGCATTATCTGCCGCGGACTTCAAAGCAGAGTACATTAAGCTGCGTCAGGAAGCAGGCAACCGAAGCCTGGAGTCTAAGCAGTTCAGTCAACGTTATCACGATTTGCTCGCACGCCGTGAAGCCGGTAAGCGCGTAGGTCTTTAA
A1a,A1a_gp59,ATGGCAGATACCATTTACAAAGCTGGTGATACCCGTCCGCATTGGGGTGGCGCGGCGTCTGACGTCGATATTCACCTGGAAGTATACCAGAATGAAGTGGATACCCGCTTCCAGTACCAGGCGCTGTTCCTGGGCCTCTCCAGCCAGCGCTCTATCAGCGGCTCTAACACCTACCGTATCGACCGCCTGAACACCTCCGCGGTGAAGGGTCGTCGTTCTGGTGAGGCGCTGGATAGCACCCCGGTCCGTAACGATAAGATGATTATCGTGGTGGATACGGTGCTGTACATCCGTAACCCAATCGACTACCAGGATGACTGGACCGGTCCGGACTTCCTCGCAGAGATGGGCCAGAACAACGGCTCCGAGTTCGCGGAGACCTTCGACCAGGCACACCTGATTCAGCTCATCAAGGGCCGTTCCTGGGTTGCACCGGCGCACCTGAAACCCGCGTTCAACGACGGTATCGAAATTGGTGCCTCTATCCTGGTGCCGGGTAGCACCTCCGCTACGCAGCTGACCCAGGCTGAGATGGAAGCCAACGCCATGAACATCAACCTGGCGCACAAGGCGGGTATCGACGAGCTCATCAAGCGTAAGACTCCGCTGATGGACATGATTACCCTGGTGGACGTCGACACCTACTCCCGACTGCTGGAGCATCCGAAGCTGCTGAACCTGGACTTCGGCGCAACCAACGACGACGGTTACAAGAACCGCCGGGTTGTGAAGATGAACGGCGTGCCGGTAGTAGAGTGCACCGAGTTCCCGACCGTTGCAGGTACGCATCCGCTGGGTACGGCTTACACCGTTACCGCTGACGACGCGAACTGCCGCATGGTGACGTTCAGCAAGTCCAAGACCCTGGTGACTGTAGAAGCCAAACCGTTCACCTCTCGTATCTGGGACGACAAGGGGGAATTCACCAACGTTCTGGACTGCTACGCGATGTACAACGTCGGTCTGCGTCGTCCGGATACCGCCGCGGTGACTAAGTTCACCTTCACCACCAAATCCTAA
A1a,A1a_gp60,ATGGCAGTAATCGCCGTGTTCGGTCTGGAGACTCTCCAGGCCAATGCTGCTCAACGTGAGGCGGTCAAGGCCGCCTCTGAGGTAGCGAAGAATATCCAAGTAGGTTCGGTCGAGTCTGGCCGTAAGGCTACTAAGCGTACCCGCAAAGCTGCTGATGCAGTGACAGACGCAGCAGCGGATACAGAGACTACAGAGTAA
K52PH129C1,K52PH129C1_gp1,ATGATGAAAGTTAACGGCAGAATCCCAAACTGGCGTTATCCTGAAGCAAGCGAGCGGGATTTATCCCGCTCAATGCAGGACGCGGTGACAGAACTCGTGGTAGAAATGCGCGATCGCTTAGATCGTCTGAAATTTGACGCCACGGCGGAGGAAATCAGCCAGGCGGAAGACGATATCAGCGAATCGGCCACCGTGTTCTTTTCCGCCGTAATTGCGGCGCTTTCCTCCATTGGGTTGACCATCTATAGATTCAATTCGAAACAGTGGCTTGCAATTGCGATCGCGGCT
K52PH129C1,K52PH129C1_gp2,ATGAATAACATTAAGATGGACGACTATAATCAAATCTTTAATGGTGGCGCTGGCTATGCGTCAACCCTCGCGTCTATCGCGGCAAGATTTGGAACAATGTCGCAGGTTGAAGAGTTCTATCATGAAAACGGCATGGCGAAGAAAATCGTTGACGTGATCCCGGAAGAGATGGTCGCTCCCGGCTTCCAGCTAAACGGCATTTCAGATAACACCAAGTTTCAATCAGAATGGGACGGGTTAAATCTGGAGCCGCAAATCACTGATGCTCTTTGCTGGGCGCGGCTGTATGGTGGCTCCTACGTCCTGGCGATGGTTAACGATGGTCGCGCGTTGACTTCGGCAGCGAAGCGGGGTAAGCCGCTCGAATCGATCGTTGTTTACGACCATGATTCCGTCTCCGTAGCAGAGGAGGAAACCAGCCCGCGAAGCCCACGATTCGGAAAGCCTAAAATGTACGAGGTGAAGCCGCTAAACGGCGGGCAACCGTTCAAGGTGCATTATACCCGTATGCACTACATCGACGGCGAGCGAGTAACCAACAAGGTGCGCAAGCTAAATAATGGCGCTGGCGGTTCGGTGCTGAACAAGTCGATCATTGAAGCGATTCTTGACTATGACTATTCGGAATATCTGGCAACGCAGCTACTGAAGCGCAAGCAGCAGGGCGTTTGGAAGGCGAAAGGCCTGGCGCTAATCTGCGACGACAAAGAAGGCGAGTACGCCGCCCGGTTGCGCATGGCGCAGGTTGATGCTAATTCCGGCGTCGGAAACACGATCGGCATTGATGCGGACGACGAAGAGTACACCGTTATCAACTCCGATATTACAGGCATCCCGGAATTCCTTTCGGCGAAGATGGATCGGATTGTCGCCCTGTCAGGCATTCATGAGATCGTGCTAAAAAACAAAAACACTGGTGGCGTAAGCGCAAGCCAGAACACGGCGCTACAGACGTTCTACAAACTGGTTGACCGCAAGCGCAATGACGATTACAAGCCGCTGTTAGAATTCCTGTTACAGTTCATCGTAACGGAGGAGGAATACAGCGTCGAGTTCGAACCGTTGTCGCTGCCTACCGATGCGGAGAAAGCGGATATCTTCCAGAAGAACGCCAACGCGGCTCGCGGCCTCGTTACCGACCAGGTTATTGACGCCAACGAAGCGCGTGATACTCTGTCGGCGTTGATTCCTGAACTGAAGCTAAAAGGCAACGCGCCGAAACAGAAAAAACTTCCTGATCGCGCCAATGGTTCAGGCAGCACGCAAAGCGCAGAGATCTTAAACAACACGGAGGCGGATGATGAAAGTTAA
K52PH129C1,K52PH129C1_gp3,ATGAACGAAATGATCATTTGGGAAGACCTGTCACCAGCCGATAAGCTGGCAATTAAGGCACTGAGTACGCGCAACTTTTCGCTATTCCTGAAAATCTGGTTCCAGATCATCCAGGGTGAAAAGCTAATGTGGAACTGGCATCACTCCTACTTTTGCCACACGGTTGATGAAATTATCGCCGGGAAGCGCAAGAGCACGATCGTTAACGTTGCACCAGGATCCACGAAGACGGAGGTGTTTTCAATCCACCTCGCGCCGTATGCGTATCTGAAATGCCGGAAGGTTCGAAACCTTCAGATCTCGCAGGGTGACGCCCTGTCAAAAGGCAACTCGGATCGCGTGATTAAGATCTTCTCATCGAGCGAGTGGCAGGAGCTATGGCCATCAAAGTTCGGGCGCAAGCAGATCGATGAATTTCAGGTCATGGACGATAACGACCGCGTAAGGCTGGAAATGGTCTCCCGTTCGTCTGGTGGTCAGATCGTCGGTAAGCGTGGCGGGTACATGACGCCTGGGTTTAGCGGCCTCATCGCACTGGATGATATCGACAAGCCGGATGACATGTTCTCGAAGGTGAAGCGTGAAAAAAACCACGTACTACTGAAGAACACCATTCGATCCCGTCGAGCGAAGAAGAAGAAGGGCGACGAAACGCCAATCCTTTCAGTGCAGCAGAGATTGCACGCGCAGGATGCTACCTGGTTCATGATGAGCGGAGGGATGGCCATCGACTTCGATCGGATTGTTATCCCGGCGATGGTAACGCGGGAATATGGCGAATCACTCCCTGACTGGTTGCGACCTGAGTTCGAACGCGACGTGCTTTCCGGCCCGTCGGTGGTTATTGACGGCGTGGAATACTGGTCATTTTGGGAGGAGAACGAATCAATCGAGAACCTGGTTGCGCTACGCGAAGCCGATCTTTATACGTTCCTTTCGCAGTATCAGCAGGAGCCAATCGCCCTGGGTGGCAACGTGTTCAAGTCGGAGTGGTGGCGCTATTACGGCGATTCCGACAAGGCGCATGAGCCGCGCCCGGACAAGTTCGAATATACGTTCATCACGGCGGACACCGCGCAGAAGGTCAAGGAGCTAAACGACTACTCTGTAATGTGCTATTGGGGCAAGTATCGGGATCGCGTCTACTTCATTGACGGAATTCGCGGAAAATGGGAAGCGCCAGATCTCCGCGTTCAGGCCGAAGCATTCATCAAGCAGTGCTGGCGTCGGAACAAGGAGTGCGGAAACCTTCGCCGGATCTACATCGAAGACAAGGCGAGCGGTACGGGTCTAATCCAGGATTTAACGAAGGCGGTAAACGGCATGGGCGAGATCGTCCCGGTGCAGCGCGATAAAGATAAGGTCACTCGCGCTATGGATGCACAACCAATCATCAAGGGTGGGCGTGTCGTGCTGCCGGACAATCACCCATTCGTTGCAGAGCTTGAGGCGGAGATGAGCGCGTTTACATATGACGATTCTCATCCACACGATGATATTTGCGACAACGTGTTTGACGCCGCAAACCTGGAAATGAACCTGAGCGACGATCCGGTTGAGCGAATGAAACGCCTTGCGGGATTGAAAAAGCTGGGTCGCTAA
K52PH129C1,K52PH129C1_gp4,ATGTCTGAAGAACGTAGAAAGCGCGTAACCAAATCGCACTTTGAGGGGAACTTCAAAGCGCTATATGAAAAGGAGTTCGGCGTAGTGCTTGGGCGCACGGCAGAGATGACGCCGGAACAATTTTTTAATATCGCAAAGCGTTACTTCCAGTGGGCCGAAGAGAACGCAATCAAGGCTGCGGAAACGGCAACGTTTCAGGGCGACGTTAACGAGTGGGGAGTGAACAAGCCGCGCATTTTCACGCTCACAGGATTAAGCCTGTTTTGCGGCGTGAACCAGTCAACGCTTGGGCGCTACCGTCACGATCCCAACTATGCTCCCGTCATGGAGTTCATCGACTCCGTGATCTATGAGCAGAAATTTCAGCTTGCTGCCGTCGGAATGATTAACGCTTCTTTCGTCGGTAAAGAGATGGGGATCGATAAGCCGCCAGTGCTGAACATCGACGCTATCGCCGGTGATAAGAACGAGATCACCGAAGAGAAGTTAGAGAAGGCAGTGACCAATATTCTTGATAAGCTGTAA
K52PH129C1,K52PH129C1_gp5,ATGTTAACTCTGATTATTGCACTGTTAATGCTGTTCATAGGCTATCATGTTGGCGCGGCTCACCTTGTCGAGCGCCTTTCAAAGCGGGTACATGAAGGCACGTTTGCTGCCATGATGTACAATAAGAAAACGGCACGTTGGGAAAAAATTGGCGATCCGGATGGTATCGCAAAACGAATTGCTTTTTCGCCGCTTCTGTATGTTGACTGTGAGCTATTTGTGAAACTACAGAAGACGCTGAATCGGCGAAACAAACTGGTATGA
K52PH129C1,K52PH129C1_gp6,ATGATGCAGTACAAGGTCATACTCACGGCAAGGAAAATTGGCGGCCTTTGCAAGTCCTGCATTCAAGAGTTCAGCATGACGATTGAAGCGAACGACACCGCCGACGCGGTAGAGAAAGCAAAAAAGCAATCCGGCGTCAATCTGGATACGCATAAAATCAACATCAACTACATAAGGGAAGTTAATCAATGTTAA
K52PH129C1,K52PH129C1_gp7,ATGAGGAGTGGGAGCCGGAGTAAAGATCAAAAATTAAGCGAACGAATCAACCGCCTATTGACGCATTCACGCTGGCCGGGTATCGTTAAAAGCGTAGACACAAGAGGCGGTAAACATCCGCAAGTCTCGCCCCGCTTCGGGGCATTTATTGGAGGGTAA
K52PH129C1,K52PH129C1_gp8,ATGGCTGATTCATCTGCTACAAGAAGAACAGCGAGCCTTGAGGAATGGGGCGAGCAATTGGAATTAATTGTTGAACTAAATGGTAAGTCTTTCGACATCACAGAGTTTGAGATCGAGGCTGCTTACTATGCAGGAAAGCGAGTCGATGATTTTTACTATGAGGAGTGGGAGCCGGAGTAA
K52PH129C1,K52PH129C1_gp9,ATGTTCGGACTAAACGAAGCGCAGTATAACGCCGTGAAGCGCGTGGCGAAGCGCATGACAGCGGAAACCAAAGACGCCATACGGAAAGACAAGAAGACTTACGATCAGGTTGCCGCCAGGATGATCGATAAGCATTGGGCCGAAGTCAACACGCTGTTAACTCGCGGTCAGTTTATCTGGCTGGCTGGCTATCTCGAAGGCCGTTTCGGTCGCAAAGATGGAGAATACGAATAA
K52PH129C1,K52PH129C1_gp10,ATGCCTGAATACTCGAAAGTCGAAGATATGCCGATTGGCGCAACAATTACTGGTATCCGCATGAGCGAGTCGGACGACGCCATCAAGCCGCTGGCGTTCCCGGTTACGCAGGTGGAGACGGACAGCAGAAAAGGGTTCATCTTCATCTACAAAAATTTCAATAGTCCGCTTCGTGTTGAAGTGTTCATTGCTCGCGGAACCTGGGTGGAATGGGAGAATGATTAA
K52PH129C1,K52PH129C1_gp11,ATGAGCAACAAAATTTGGGTACTGACCTACACTATCGGAACCAACGAGGTGCGCAAATCGCGCCGCCTCATCTGTGACACCAAAGAGCAGGCGATTATGCAGCAAACCGTTCTTGGTGGCGATCTTGTCGAGTATCTCCGCAAGCCTGAAGCGTTCAAGGTGAACTGGCCGGAAGGCATGGATATCAACGGCGCTTTAGCGAGCCTGCGTGAGATGCAGAGCAACCCGAAAACGTGGAGCGATTTTCAATGCCTGCGGGCGGAGCCGGAAGTTAAGGCCGACCCGTTCACCAATATTCAGGAGCAGCACGCGGAATGGTCGGATCGCCAGTTTGGCAACGTTGGGCCAGTCGGGCCGCTCAAACACCTGGCGAAAGAGGCGATTAAGGCCGCCGAAGCGCCGGATGACATTAGCGAGTTCGCCGATATCCTCATGTTGGTATGGGACGCAACGCGCCGCGCCGGATTCAGTGATGAGCAGTTGGCTGAAGCGGTGGCGGAAAAGCTGGAACGGAACAAGCGCCTGGCGTGGGGCGAGGTAAAAGATGGCGAGCCTTGCCACCACGTAAAAAATTAA
K52PH129C1,K52PH129C1_gp12,ATGAAAATCAAAATCACCAAAATCGACACTCTCAACGGCGACGGCTCAATTACCCTGGAAGAATGCGGCCTCAAAATCGGCGACGTTCTTGAGGTCGACGGCCATTTCAATGATGGCTCATACTGCGTGATTTCCCCGCGCAATAGCGAGTTTATCCAGGCTGGTGACAATATCAGCGTGAGCGCAGACGAATGCGAGGTTGTGGAAGAATGA
K52PH129C1,K52PH129C1_gp13,ATGGCAACCCCATCAAAGACAAGGAAAAACATCATGATTTACGCAATTATTGCCCTGGCGGTTCTTATTCTGGCCCTGTATGCGTGCGGCTGTTTCCTCATGCGGGCCTTCCTGAAATCGGCGGATTCTACCGACAAAGAGGATCTTTATCCTGTGCTTTGCTGGCCCTTGATTACACTTTCCGCCGTTGGCAGCGTGATTATTTCCCGCAATTTTAAGTGGTGA
K52PH129C1,K52PH129C1_gp14,ATGAAAAGCCAGAAAATTACCCTGATCCCGTCCGTCGACTCCGTGGTTAATACTTCCGCGAAATTCACCAAAGGCAAGCGCTATCCCGCAACCGCCTTCACCAACTATTCAGGCGAAATGCTGTACAAGGTAAGCGACGACTACGGGCGAGAGTATCTAGTAAACCCAAGATCTTCGCAATATCTTGGTGGCCATCGCTTCGATATTGAGTACCAGATCGAAAATTGCAGCAAGCGCGAAATGCTCGCTTATGACGATAGCCGAACGATCTCCATCGCCACTGCGGGCATAGGGGACGGGTTTATTAATCGGGCCTGCATTGTTGACCTAATTCCGTCCGACAACCACGCCAAAGGTGACGACACCGACCCGCTGTTAAATGCCGTCGTTCGCGCCGGAATCGGCTGGGCGTTAAGTGATGCGTCGTGCGAATCATTCATGCTAGAACCGTTCTCACGAATCGCGGAGCTTGAAAAGCAGGTTGCGTTCCTGACTGGTGAACTTCAGGCGGCTATCGCCACGATCGAGAAGGTTCGGGAAATCATGCGTAGCGAACCTGGCTATGACATTGAAGATCACGCGCGGGTTTTGCGCATAATGGCCGACGCATTCGCCAAACTTCAGCAATAG
K52PH129C1,K52PH129C1_gp15,ATGAAAACCGTCAAACTAATGGTTGTCAATGCGGCCCGCGAACGTGAACGCCACCTTATCGGCTGCGTATTCGATGCCGTCGAGGTAAAAGACTCAAAAGGAGACTTTCACGTAATACAGGGCGGATACCTTAACGAATTTATCGTCAATCCGCTGGACACCGACGAAGATTTGACCATCCGTGTTGGTGACGAGCCGGAAAACGCGCTTTTCCACCTGCGGAAAGTATCGAAGGCGTCGCAGCGTAAGTTGCTGGTTCGCGCACTGAAGCGCATAGCGAAGCAGTGCGGTTACACAGATGCATACATCCGCAAGTTCGGCACGTTCGCTGGCGTAGGCGATTGGGCGCGGTCATGGGCCGACTATTATTTCAACAAATCAGGCGAATTTTGTTCCACCCATACGGACTGGCTGCATGGCACAGAACACGATCCCGTTAACGGCCACGAGTGGTACGAATTCATTGAGGCGGAATTAGACGCCCTTTGA
K52PH129C1,K52PH129C1_gp16,ATGAACGATAATTTAATCGCACTGCTGGAAGAACTGAATTCATACGGCTGTGCATACATCGAGCTTTCGAGCGAACACGTTATCGAAGTCATGATTGACGATGACGCATGGTTCACCAAGTTAAGGGTGGCTACCGGGGCCGAAGAGGAATTCGAAGACTGCGGCATCCGTGAAGTAACCAACCTTCTCGAAGTTCACCAGGTGAAGGATATCCGCTAA
K52PH129C1,K52PH129C1_gp17,GTGAAAGTAAGCAAGAAGAAAATTGCGCTATATTGGGCCTTCTTCCTGGTTGGCCTGGCGCTGCATGACAATGTAGACTGGCATGCGGTCGGCATGATTTGCATCATCATCGGGTTATGCCGACTGTCAGAGATTGACGGGTTCCGCCGCGGATACCGGGCCGCATTCAGCGGCGAAAAAGAATAG
K52PH129C1,K52PH129C1_gp18,ATGGAAACGGTAAAAGTAATTTGCACGCACGCTGGCTATTCGCCGCTATCCACCTATTTCACACCTGGCCGCGAGTATGACGCCAGGTTCGGCCCTGGCCTTGATGAAGTATGGATTTTGCAGGACGACCAGGGAACCACTGAGGACGAAGAATTCTGGCCAGCCTGCCGTATGCCGGACGAAAAGATCGCAATGTACGCCAATAGGCCATACGAAAACAATGTTCTATTTGAGGTGAAAGTGTGA
K52PH129C1,K52PH129C1_gp19,ATGATGCGTTTATCAGACTTCGATCGCCACTGCTTAACCGGGCAATTTGGCGAAAAGCCAGTAATGTGCAAGATCTCGAAGGTAAAAGGCGACCACGTCGAGCAGGTCAATACGCTTAAAGGCCTGGCAATGCGCAACCGACTTTACATCCAGGTGCGCGGCAGACTGTTCGCACAGCAGGTTCATTTTTCGCATGGTACGTGGTTCTACACTGGCGGAGACGGGGTTGGCCCATCGCCGAAAAGGGTTATGCTGCGCGAGATAATCGAACACGGTTACGTTTGGACTAACGGGATCTACTAA
K52PH129C1,K52PH129C1_gp20,ATGATTCGCACTACCAGACCACTACCCAATAACCTTTACGCCACGATTGGGGTTCGCGCGGTGAGACTGATTCACATCAACGAAGTTGGCAACGTGGCTATTTTGTGGTTTAAGCGCCACTCAAGCGGTGTTGGCCTGAGCATTCAAAGATTCGGGCGCTTTAACGGCAACTCCCAAACCCATTCTCATTGGGCTGATGGCTCATACTGCTGGACGCACGTTAAGCACGTCGAGAACTTCGACGCCAAATCACTGAGCGACGACGACGCCTGGAAGATGGTAACAGACCTCTTCGGTTATGATGCCTGCATGGAGGCAGTTGGATGA
K52PH129C1,K52PH129C1_gp21,ATGATTCACGAAATTAAGTCAAAAAAGCAAGTGGTGGCAACCATCAAGAAGAGGAGGGTTGTTGCCTTCCAGCTTAACATTCCCGACCCCGACGACACGCAGTCGATTGACGTGCCGATTTGGGCTAACACGATCGCCATTGATGCCGACGGGGCGATTTGGGCCTATGAGTCGACCGCCGAAGAGGTTCGCATTATTGGAGACCAGGGTGACGCCTGGAGCGACCGGGGCAAGGCAAGAAACAAGCTAGACCAAATCGGGTCAATGGGGCGCTTCCATGATTGGGCAAAATCGAAGATTGACCTTCGCGGCCTGAAATAG
K52PH129C1,K52PH129C1_gp22,ATGATTGGCAACCACAACAACGAACTGAACGCAGCCGCCCACCGTCGCGCCGTCGAGCAGAACTTCAACGCGCTTAAAGTAGCCTGCGATGAGATGAAAGCAATGCTTGAACTGCCGTCATGGGATCCCCAACTCGAAGACTACTATGACGGCCTCCGCGTCAAGCGTGACGATATCATCAACCGCCTGCGCCTGGCTGGAATGTTTCTGTAA
K52PH129C1,K52PH129C1_gp23,ATGCCACGATTTTCAGCAACAACAAAACTTCGCACCTTTGCCGGGATGCCGATCCAACACTCATCAACCAAAGCCGTCCAGGGTAGCGAGCACGGCGTATACTTCCACTGGTTAGGCAAGTGGCGCTTCACCGTAATTCGCGGCTTTTACATGACCTGCGATCGCGTGGATATTGCAGACCATTCCGGCGGAAACCAGGTTCATGAGTTCAAGAGGCAAGAATAG
K52PH129C1,K52PH129C1_gp24,ATGAGCAAGAAGAATCCATATTCAACCAGCAACTACCATAACGAACACGTCATGCGCTGGCACTGGCAGAAACTCAAAGAACGCCACCTCGCACGCCAGGGCAAATAA
K52PH129C1,K52PH129C1_gp25,ATGAATTTTAAGGCGATCGACGTAAAACCTGGCGTGGTCTACGGATCGCGCCTCAATAACCGCCTTTGGCGCTGGGACGGCGAAACAATCTGGACTAAAGGCGAGGGCGATGTTATCTGGCATGAATGCGGCTGGCCATACCCAACAATGAGCCGCCTGGATATCGCTTATTATCTTTCGGTTGGCGATATGCACGAGGTGGAAAGATAG
K52PH129C1,K52PH129C1_gp26,ATGGTCACTCTTATCACTTGGGAACACGAAAACAGCAAGCCAGTGGTGCGCGAGTTCGAGACCGTGGCGGCTTGCTACAACCTGGCGGCAAACGGTGGCTTTTACAAGGCGCAGATCGTCAACGAGTTCGGGGTTGTTGATTATGAATTTTAA
K52PH129C1,K52PH129C1_gp27,ATGCAATACAAAGGCTATGAGTTCGAAGAAGTCGACGTGTCCGAGTGGATGCGGTACGACGCAGAAAAGCAAGCCGCTTACCATGAATGGCTGCAATCCATCACGTTTGGCGACGCCACAAGGCCAGCCGGACGGAGCCAGGAAGCAGCGAAGCCGGAAGGTGCATTCACTGGCAATCGTTCGTCCGAGATCCGGCGCATGTTCCTGGATGGCGGGCGGCGTATCCAGATGACGGCGGAGGAGTTCGTGGAGAAGTTCGGCGTTAATCCGGTCGACAACCATTTCCGCAGGCCGTTGCTGAAACTACTGGAGCCGGGAGAAGTGTTGCGGGTGAGTCTGGGGGCGGGGTTAATCTCCGTCTTTACCGAGTTCGACGCAATGACTGGCTCACACCTGGAAGCCGAGGCGTACATGCGGCAGGGCGCTATCTCCGAGAGGGAAAGGATTAAGGGTTTAGTGGCCGCTCTTGCTGTAGACTTTGCCGGACACGCCCTGACAGGGATTTACAAGGCGAACTTGTTCGCGGCTATCGATCTTGGATTGACCGCCAGCGATATCAGCCAGGAGGCGGCCACCACGCAATAG
K52PH129C1,K52PH129C1_gp28,ATGGGGGATGACAGCGAATCTTACCAAACACGCCGAAACCCTTTGACGGCAAGGCTTGCGGCCTGTATTATCACCTTCCGAAACATTACCAAACGCCGTAAATGTGGGGGAAACACAAATGCAATACAAAGGCTATGA
K52PH129C1,K52PH129C1_gp29,ATGATAAATAATAATATTATTATTATTACTCTTTATCTTTATATATGTTTGGTAAGATTTCTCCTGGGAGGTTATGGATTCTCCTTGCGCAAGCCATAA
K52PH129C1,K52PH129C1_gp30,ATGTATGCACCATGCACGCAATTTGCCGTTCGAAGCCAGCGAAAGCGCCAGGTGTTTTTCGCCAACATTTACGTCGCGTGGAAATGTGGGGGAGGAATAATCTTACCTAAAAATTGCGCAAAAAGTGACCAATATAAGCCCATATATAGATAG
K52PH129C1,K52PH129C1_gp31,ATGGTGCATACATTTATGCAATTCGTTGCAAATCATGAAACACTCCAAAAATCGTTGCACAAAATGAAACAATCAAAAGCAATCATGATTAGTCAAAACTAA
K52PH129C1,K52PH129C1_gp32,ATGAGACTCAAAGAGAAAGACATAGCATATGAAAATGGAAAATTTTGGGTATTAAAAAACAAAGATGGTTTTCACGTGATGATCTCAGGAATTACACATAGTGTAAGTGACAGTTCATATCGTCAGTTAGATTTAGCAATTGCACGGTGTGATTATCTCGCAAGACGTGCAATGAGAAATTAG
K52PH129C1,K52PH129C1_gp33,ATGAAAGCATTTGCGGATGTAGTCGTCGGGGATAAAATTCAATATGGCGCAAGCGATCTGTTCCGCACCGTCACCGCCATTGAGAAGGGGCGCGGCGTCAACGGGTTTACTGTCTTCGTGGTGCTCGACGGCGTTTCACGCTTTGCGGTTGACGCTCGTGATTGGGTTTTCTGCATCGAGAAGGATCAGGTATGA
K52PH129C1,K52PH129C1_gp34,ATGAGGAAACGGCGATCCGGGGAGGTTGTTTGCACCTGTGATGCTTACCCCTTCCCTCATCGAATGTTCGGCGGCTCATGCAACGGGATCGCCATTGTCATTGCCAGCGTTGGCGGTGCGGAGTGCCAGCATTGCCAGCTACTGAATAACGGGTCGTGCGAGGTGCTCGCGGGTATCGAGAACCCGATCGAATGCCATTACGTCGCCGACTTCATCCACCAAAACGAGGTTAAAATATAA
K52PH129C1,K52PH129C1_gp35,ATGCGAACAGTTACCATTTCGAACAGCTTTTCCTACATCATCGGATCGCCGGAAGAACGTATCAAGGCCATCCGCGACAAGGCGACCAATGACGTTACCGATGCCTTCAGCGCTGCGGCCAAAGCTGCGATCACGTATTACTACGGTCGTGGCCCGGAAGAGTTCAGCGCAGAAAGCGCACCTTTCCTGGTTGTCAAAAAGGAAGGTGGTAATGTATGGCAAATCAACGACAAGCAGACTGGCGAGTTTATCTTCGGATCGGTTCCGTGCCGGGTCGGTAGCAACGATGTTACCATCCAGGAACTCGGCGATCATGAACCTCGTGTTCAGCGCACGATCTACATCAGCCAGGATTACGCGACCTGCGTTCCTGCATAG
K52PH129C1,K52PH129C1_gp36,ATGAACCATCCGAAGACTGATTCCATTCTCGCCGTCCTGAACGCGCATGGCCGCGTCGTTCTCCGCATGAACCGCGCCTCCGGCTTCACTCAGATCACGATCACGAAGTCGAAAGGCCGCTACATCATCGGGACGGTTCCGGGCGGTCGCCTCGTTCAGTCCTCCCTGGCTGGCGTCACGCTGACGCTGGAATCGAACAGAATGTTCATTGAGGCGTGGAAAGCATGA
K52PH129C1,K52PH129C1_gp37,ATGAAAGACAAGGTTATTTACTGCATGTTCGACGGCTCAGGCATCATGGGCCTGCCGTGGGCCATCAAGGGATGCAAGGTGTATTGCTTCAATGCCGACTCCGGCGACCACGGCGAATACAGCATTCGAATGGTTCACCCCAATATCCAGTATGTTAACATTTGGATCGACAAGGATTTTGACGTGAAGCGATCGATTCTCGGCGTCCACAATCCTGACTTCATCTTCGCCTTCCCGTCATGCACGCTGTTAGCGCATAGCGGAATCAAGCACGTAAGGGAAGATAATGACGTTCTATCAGCCGCAGATGATGCGAAGATGGTCGAGCAATTAGGCAATAAGTATGGTTGCCCCTGGATGGTAGAAAACCCGGTTGGAAAATTGTCGTCACTATGGCGCAAGCCTGACTTCTATTTTCACCCGCGCGACTTCGGCGGCTATGTTTCTCCGGATGAGCCTGTTTGGCATCCCAAGATGCCCCATTGCGACAATTACACGAAGAAAACGTGCATATGGCACGGAAACGGATTTTTCGAACCGAAACGGCTCCCGCCGCCGGATGGAGTAGAAGGCGTGAATTTCTTTTGGGCCTGGAAGTTTTTGGGCGGAAGGTCAGAAAGGACTAAAATGCTGCGCTCCATTACTCCGCGAGGTTTTGCCCGCGCCGTGTTCCAGGCGAATTATCGAGAATAG
K52PH129C1,K52PH129C1_gp38,ATGAAATTCACGATCGCAGTAATGGCCGCACTATTTTCTATGCATGGTCTTGGTGCTCTTATCTTTTCAATCATGGTTTTAGTGGTTGTTGGCATTGTTGACATTTACCATCACAAAACAATGATTGATTTAAGGGTGAATCGCATTATCAGCGAAATAGAAAGCGCCTGCGAAACAATCAAAATAAGGGTGATTGAAAAATGA
K52PH129C1,K52PH129C1_gp39,ATGATATCTCAAAAACTCGCCGAAGTATGCCGCGAAGTTCTCAGGATGAATAATGGCGGCGCAACCCTGGCTGCGATGCAAAATAAAATTGAGTCGCACGTTGGCTTTAAATTGAGTTGCAGAAATAAAGCTGACTTTCTGGATCTGGTTAACCTGTATATCGAGATGGGAGAAAGAAAATAA
K52PH129C1,K52PH129C1_gp40,ATGGCGAAGTCAATCAAGATTAAATGCACGTCAAGCCGTGCCGTTAACATCCATGAAAACAACCTTTATTCCGCCCGCGTCGACGATGAAGGCAACGTGTCAATGATGGTATATGACAGCGTCGAACTGAAGAAGAAGCGCGTTATTTTGTCGGTTGGCGTTAGCGGCGAGTTGTTTATTGCTGGCGACGGCGGCCAGGTGGTTGCGACGTTCATCGAACTCAAAACCAAAACGCTAAAATGCGTCGGCCTTGACCATAGCAACCCGATGAAAAAATCCTTCAGCGTCGGCAAGCGCTACCAGGTGGAAAGCGGTCGTGCGCTCGGTGCGGTTGCTGGATACATCTTCGACCGTGACGGATGCCGCTGGACGCTGTACCGCGAGGAAGTTGGCTTCAGTGTATCGGACGGAACGACTTTCGAAGCTAAATACCTGTGA
K52PH129C1,K52PH129C1_gp41,GTGACGGGTTCGGGGCCATGCGCCCCGATAATCCAAGCGCGTTTTTCAAGCGTGTTTAGATTATCACTGGATCTCGGATTTAATACGGCATATGATTAG
K52PH129C1,K52PH129C1_gp42,ATGTTTTTAAATGACCGCGTATCACCGCAAGATATTATCGCCATCGCAGAAAGGGAGGGGATCAGTCCTCTGCGCGTTGCGATTCGTGCGAACGGGTATCGTGACTCCGTTTCATTCTGGCCAAAGCCCAAAGATATCGACGTAAACGCGGATAAGTACCCAACAATCTCGATCGCCAATGATTACGATGTGGTCGGCAAGCTGGCGCTCAATGCAGCACGTTCTGTTCAGTTCCCGGAGTCATCCGCTTACATGCACTTTCTCGGAACCGTATCCGCCGCGATGATGGGTCGCTTTTGGGTCGAGTACCACGGCAGCGAGCAACCGACAACGCTTTACGTTATCACGTCGCAGCCGCCTTCCGCTGGTAAGTCTGCCATTAACTCGCTGGCCATCGATCCGATCGTCGCCGAAGTCGAGCGCATTAACGAGTCGCGCAAGAAGGAGCGTAAGAAAATCATGGCGAAGCTGTCCGCCAACAAGCAGGCGCTAAAAGGGGAGTTATCGCAATCTGATATGGTGAAACTTTTCGAAGACCGTGACGAACTGGAAGAGAAACTTGAAAAATTATGTGATCTAACTTTCCCGGTATCCGATACCACCCCGGAAGGTCTGGCGAAGATTAACAACCGCCAGGGAAACTTTGCCGTTATTTCCGATGAGGCGACGGCGGTTAACAGCCTGTTAGGTATCACGTATGGCAACGACGGCGGCAAGAAGACGAACAGCGAACTGGTGCTCAAAGCATGGGATAAGGGTCATGTATCGATCGCTCGTGCCGACGTTAGCAATAATATGTCATTCGTGGCTTTGGGCTGCATTTGCGTAATTGCACAGGATGAAACCATCGACGCCATCATGCAAGCGGGTTCTCGCGGGATCGGTGTCTCGGAGCGTTTCCTTTTGGTTCGTGAGCAAACCCGTTTGGGTGAGCGCGTGTTCATCGACGAAAACGGGAATTCGACCTATGAGCCGATCGACCAGTCACTGAAGGCAGATTACTTCCGGCTGATTCATGACATTATGAGCGAGTCAAACGTTAAGTTGCAGGTTACGGATGCAGCCATGCGGAGACTGAATAAGGCCCGCCAGGAGTTAGAACCGGAGTTAGGCGACGGCGGCAAGTATTCGCATACCATGCTTCGCGGCGCGATGGGTAAGTTTGATAAGCAGGTTATGCGTCTGGCGTCCGTGATTCACACGATCCGGAACTGGCAACCCGGCGGGAAGCGTTCGAAGAAGATCGACACGGCGACTATTGACGAAGCGATCATCATGTTCCATGAGTTGAGCAAAACGTATTTGTCGTCGGCTGACTCTTCCGGCTTTGCTGGTGAGGGAGCGGAAATTAAAGCGCTGTATGACGTTATCGCCAGTCGCTGCAAACAGGCAAAAGGTGTTATGACCGTCCAGGGCATTTATAACGCCTGCCGCAACCTGAAGATCTTCAAAGGCCAGGCCGGGGTGAGCAAAAAGATTAAGGAACGCTTATTGCCGAAGATGGAGGAATTAGGCTTTATCTGCGTGATGGATTCCGAAGTCTTTATCAACCCGTCGTTCATGAGGTAA
K52PH129C1,K52PH129C1_gp43,ATGTCGAGAGCAAAAGTTAGCACAATGGAAGACGTCGCCGAGTTCCGGCGACTATTTAGCTATAGTGATGGAAAGTTGTTTTGGAAGGTTAGCCCATGCAATCGGGTGAAGGTTGGCAATGAGGCTGGCGGCGAGAATAGTAACGGGTATGTGGTAATAAAGATTAGAGGTGTATTTCGCAAGGCTCACCGGATTATATGGGAGATGCATAAAGGGCCAATACCCGAAGGTATGGAGATTGACCACGAAAACCAGATTCGCAATGATAACAGGTTCGAAAACTTGCGCTTGGTAAGCAATAAGGGTAACAAAAAGAACACGACAAGGCGATGCGACAACTCAAGCGGCGTGACTGGAGTTTATTGGTTCAAGAGAGAATGCAAGTGGAAAGTTCAGATAAAGGTTGACGGAAAGCAAAGGCACCTGGGTCTATTCGACAACTTAGATGATGCGGTTACGGCCAGAAAGGCGGCGGAGCGTCAATATGGCTTCCATGAAAATCACGGCAATGAAAAGGTGGTTGGTTATGGCGTTTCTTCTTGA
K52PH129C1,K52PH129C1_gp44,ATGGCTTCCATGAAAATCACGGCAATGAAAAGGTGGTTGGTTATGGCGTTTCTTCTTGATGTATACCGATTCTGCGAGTCACGTAAAGAATTCAACCGACAGGATCTTGCGAGGTTCGTGTATTCACACAGAGAGAGTGATAGGATTGCAAATGCGGCGAATGTCACTCGCAGAATATTTGCGTCAATGGTCTCTAAGGAGTTTTTAGCGCGAAGCTATACGAATGGATACCTTGACGGAAAAAACGGCGCTGTGTGGTGTACGGGGCCGGATAACAGGGAGATAGGCTTTGATTTCCGGTCGTTCGAAGGGATGGATAACCGATATATGTGGGAGATGATGCACCTTGACCAACTCAGTGATGAACAGCTTTTCGGGAAACCAGGTGGAAGATCTGATAACGGAAGTTCACAGGCTTGTTTGTGTGAAACAGATCACACCAGAAAATTACTTGCGTGCCGCGCTCATCTTGCTCTATCAAGGAATGGCCGCAACCAACACGGTTGA
K52PH129C1,K52PH129C1_gp45,ATGAGCACATTAAACTTTCAACGAGCGCTGGCCATCGGCTTTATCGTGTGGGCGGCTGCCGTCGTTTCCGGTTGCGCGTCAAGCGTCCCAATCCTTTCCGATCTGGTGGGCAGCAAGCCGGATATGACGGCGCAAGTCGGCGCGGAGAACGTTAAACAGGCGGTTGGCGTGACGAACAAAACGGACACCTCAAGCAAGCAGGAGACCACGTTCAAAGAGTCTGCGGTAGGGAAGGTTGACACGTCGAACAAGAAATCTGTAACGACCTCCAGCATTCACGCCAACCAGATTACGGCGGACAAGATCGAGATCCGAAACGATGAAAGCGGAAGCCTGATTCCGTGGCTGATTGGTGGTGTTGGGGTGGTAATGCTGGCGATCGGGATGTTCGGTCTTTGGCGGGAACGAAAAAACAAAGGGGCGTAA
K52PH129C1,K52PH129C1_gp46,ATGGGAATGAAAACGCGGGTTACATTCGCGGCGGCGATGGCGATCGCGGTCGCCTTCCTCCCGAAAGTGGAGGACACGAAATACAAGGTTTATACCGATATCGCTGGCGTCCCGACAGTATGCGAAGGCATCACAGGCCCGGACGTTATCAAGGGGAAAACCTATACCCGGTCAGAGTGCGACGCGCTTTTGACCAAGCATATCCAGGTGGCGAAGCGAACCGTTGACAGCAAAATCAAAGTCGATGTTCCGGACACCTTCAGGGCGTCGATGTACAGCTTTACGTTCAACGCTGGCGGCGGCGCATATTCTGGCAGCACCATGCTGAAATTAACGAACCAGTGCCGATTGCGCGAGGCGTGCGAGCAGCTATATCGCTGGACGTACTACCGCAACCCGAAAACGGGTAAAATGGAGAAGTCAAAAGGCTTGTATAATCGCAGGGTTCAGGAATATCAACTATGCATTAAGGATCTGAAATGA
K52PH129C1,K52PH129C1_gp47,ATGCGAGAATTCATCAACGCGGCAACCAATAGCAGCGGTGGCGTTGCCCTCGCGGGATCTGCAACCGGGCAATTAATCATTGCTGCCATTGGCTTATTTTTCATGGTTCTATTCGGCTCCTTCGGCGCGTGGTTGCGCTGGCGAGATTCAAAGGCGCTTCGTGAAGCGCTGGAAGCCGGGGATATCAAAACGGCGGTGAAGATCAGGAGCAAATAA
K52PH129C1,K52PH129C1_gp48,ATGAAAAATGTAATTATCCTCAACGGAGCGCCGGGCATCGGAAAGGACACTATCGCGGAAATCATCTCGCGGAAGTGGCAATACAAGAACCTTAGCTTCAAACAGCCGATGTTTGCCATTGCTCGTGCTGTGCTGGGATCTGCTGATTTTGCACGCTTTACTGCCCGATACCACGACCGCAAGCACAAAGAAGTGAAATGCGATTTTTTGGGCGACCGTTCTCCGCGTGAATTCATGATTCACATTAGCGAAAATTTCGTCAAGCCGACCCTGGGCAAAAATCAGTTCGGCAAGTTGTTTTGCGATTCGGCGCTAACTTCGCCGTTTAACTGCATCGTCAGCGACGGCGGCTTCGATGAGGAGGTGGAGCACGTCGCAGCGCATGAGGCGCTTAACGTGTTTGTCGTCCGCCTTCATCGTGACAGCATGACCTTTGAGGGTGATAGCCGCAAGCATATTCGACGCCCGGATCTTATTTGCGACACTTACCATGAACTCGATTTTGATATGACCACTGGCGAGCCGGAAGACGACGCGCAAAAAATCCTTGATATGGTGTCAGATGTTGCATTAAAATTATAA
K52PH129C1,K52PH129C1_gp49,ATGGGCCAACAAGGAAAACCGATGAATAGAAATATCTGTATTTTCGATCTCGATGGCACGCTTTCCGACGGAACCCACCGCTTGCACCTGCTGCCGAAAAAAGATCTCCACCTTACAGAAAGTTGGAGCGAATTTAATGGCGCGTCAATTGGAGACAGCCCAATCCAAAGCACTATTGACGTGGCGAATGCGCTTTATCGATCCGGAATGACCGTTATCATCCTGACTGGCCGATCCGATGAGGTGAAGACCGAAACAATGATTTGGCTTGACCGCTACGGGGTGAAATATGACAGCCTAATCATGCGCCGCGCCAGCGATAACCGTAAAGACACGGTAATCAAGGAGGAGGAGTTACGCAAAATCGGACTTGATCGCATTGTTGCGGCGTGGGATGATTCCCCCAATGTTATTGCGCACTTTCGCGGCCTGGGTATCACGACTTACCAGGTCTGCGACTACGGCGACAATATTCAGGATCATTTAAAATCACACGGAGTAGACAAATGA
K52PH129C1,K52PH129C1_gp50,ATGTCACCTAAAATCACAGACGAAGAATTTTTAGCCGCCCGCGAGGAGGGGAAAACCTACCGCGAGATCGCGGAAGAGTTCGGCATGAACATTCGAAGCGTTGAACGTCGCGGCGTTCGCCTGGCGCGACAAGGACACCTACACGGAAACGCCCACGTTGCGAAGCATATCCCGGACGGCTTCGGCGTCAAAGGCACGTCGACGATGATTCGCGCGGACGGCTCCGAGGTCGTTCGGTGGGTTAAGTCGGAAGTAGACCGCGATCGCATGGTTGCGCTTATGGAGGCAGCGCAGGCGGCTTTCTGCGAAGACCTGCCGCGAGCCGAACCGCAACCGCTGGATGAATCGAAGTTCTACATTGAAGATCAGCTTGCCCTGTACCCGATCTTCGACCTGCATATTGGGGCAATGGCGCATAAGCATGAATGCGGCGAGAACTATGATACCAGCACGGCTGAGAGGGTTCTAAACCGCTTCTTTGATTATTCCGTGTCGGTGGCTCCGCAATCCCAAAAAGCTGTTTTGCTGGTCGGTGGCGACTTCCTTCACAGTGACGGACTGGACGCAGTAACCCCGGCAAGCGGTCACGTTCTCGATCAGGATAGTCGATACGCAAAACTTGTTTATGTTGCCATTCGTTCGCTTCGTCGCGCAGTGTCGCTACTGCTTAACAATCATGCGGAAGTTGAAGTGCAGGTGATCGAAGGAAACCACGACCAGGCCGGGATGATTTGGCTACGCGCGGCGCTCGCAGCGTTCTATGAAAATGAGCCTCGCGTTTTTGTTGATGTTAGTCCGGCGATCCTGCATCGAACCTTGTGGGGCAAAACCATGCTGGGCTATACACATGGCCACACGATGAAAAAGCCGGAAACGCGCCTTGCTGCGATGGCTACCGACTTCCGTAAGGAGTTCGGACAGTGCGACTACATTTACACGCATTCCGGCCACTGGCATCACCAGACTGTAACGGAACACTCGCTAGGCATTGACGAAGTGCATGGCCAGTTAGGGGCCAAAGACGCTTACGCCGCTCGCGGTGGTTGGCGCTCCTATAGGCAGGCTGCGGTGATTCTGTACAGCAAAGAATATGGCGAAGTAGGCCGCTTTATCTACCGTCCGAACATGTAA
K52PH129C1,K52PH129C1_gp51,ATGATGATTGTCGAGACTGGTCGCGCTGCCGTATGGCAGCACGCTAAAGAAGCAGGAATAAGTGATGATATCGTTAAGATCGCAAAGCATTTCGATATCAAAGATATATCAATTATTTTTGGTGGGAAGCTCACCTATCTACACGAGCGCCCGGTGAAGCGCACGCGAATAGCAGTGGCAACGCGAGCGGAGGCAGACGCGCTGAAGATGTTCATCCACGAGTCTAAGCAGCAGAAGAAATATTACAAGTAG
K52PH129C1,K52PH129C1_gp52,ATGAAAACCAAAACCATTGCAGACACCATCAAGATCGTGCCAGCAAAAGCGCAAGTTGTATCGCGCCACCTGGTTAACCTTTCTCGCCTGTGCATGGCCGACTACATGGCGAACCCTTCAGAGAATGGCCTTGATGGTGTAGTCGGTGAGATTTATTTTCGCGCCGGGTACGGCCTGGAAAGTGTGGCCATGTATGAGCAAATGGCCGAGGGTTTTTGCATTTACGGTGACGAATGA
K52PH129C1,K52PH129C1_gp53,ATGGAACAGATAGAATCTTTCTCCGAGTATCTTCGGATCGTGGTTGAATTGCTGGACAAGTACGGATTCATTGGTACGGATGAGGAAAAGTTAGCCTTCGCTGACACCATCGACGGAACCTACATGGAGTTCATGGACAACGGAACCCCGGTCGCTGACTGGCAAGAAATTCTTGAACGAGAATTGATTGAGTTTAAATCGCATGAAGGCGCGGAGTATTTCGCAAAACAGCACTAA
K52PH129C1,K52PH129C1_gp54,ATGGCAAAAGATATCGCAGACAAAGAAACTCGTGACGCATTCACCACGTTTGAGCAATTGGAGCGCGAAACGTTTATTGGCAATGCCCTTGCTACTGGCGGACACTATCAGGCTGTCAGGCCCGACAAGTTTTACCAGGTAACAGGCAACCGATACGCAGGGAGCAAAACGCCTGATATCGTGCGCGATAAGTGGGCGACCGATCGCAGCCTGATTGCGTACATGGAAGAGCGCTATGGCAATTACGATCTTGATGCCGCCGCAGACCGAAGCAACGCAGTTTGCCCGAAGTTCTACGACGAAAAAACTGATTGTCTTAAACGCTGGTGGGGTAAAAACAAGCACGTTTGGCTTAATCCCCCGTATTCGTTTCCAGATCCGTTTATACTCAAGGCCATTGAGCAAATGGAGCATGATAACCAGATCGACATTCTTCTACCCGGTGACAATTCTACGGCCTGGTTTCGTGACGCGCAGAAGATGGCCGCCGAGATTATCTGGATTGTTGCCGATGTTGAAGAGGATGATGACGGGAACCAGTTAAGCCGATCCGGTCGCCTGGCCTTCATCAACGGCCTAAGCGGGAAACCAGTCGACAACAACAACAAGGGCAGCGTGATTTTCATCATGCGCAAGCTCAAGCCGGGAGAGGAGCAAAAGACGCTTTACATTCCGGTAAGCGAGATTTGCCCGTCATTATCTAAAAAGCGTATGCGCAAACGTGGGATCTGA
K52PH129C1,K52PH129C1_gp55,ATGAAAAAGATGCTGGCTTTAGTTGTTCTGTCTCTTGGTCTTATTGGTTGCAGCGAAAAACCGAAAACATATGATTGCGGGGGTGAAGCGTTCGAGGTAACTAGCAAATATATGAAAGTTGTAAAGGGTGAGAAATCTGGCGTTATAATTGATGGCGCTGGCGAAAATCAATATAAACTGCTTACTCCTTTTGGGTACGCTCATTATGAAGTCAACAAAAACACTATTGATGTTAGTGTGGGCGCTTTTCATAATACCTTAACCTGCGAGGTTAAATAA
K52PH129C1,K52PH129C1_gp56,ATGAACAGCGTTTCGTGGCTGCGGCATGAATACCCTGATTATCTGTTTTGGCATACGGTTAACGAAGGGAGCAAGCACAAAGCGAGCGCAGTTATCGATCATCAAATGGGGTTGCTGAAGGGTGTTAGCGACATTCTGATCCTGATTGGGTTCGGTGGCAAATACCCGTTCGCAGCCATTGAGCTAAAGCGCCAGGGTAAGGCGCAGGCGTCGCCAGTGAGCAAGGAGCAAAGGGAATTCCTTGCTGCCGTCAGGCGTCGCGGAGGATTCGCCGCCGTGGCCTATGGCTTCGAGCAATTCAAGATCGCTTTCTGCGATGCCATAAAATAG
K52PH129C1,K52PH129C1_gp57,ATGCTCACAATTGAACAACAAATTGAAGCCTACGCAGACAAGATCCCGCTAATACAAAAGCGGTTCACCGTCGGAAATATCGTTCCTTACCCGTATCAGGCGGTTGCGTATATTGAGACCGCGAAGCGGATCGCAAAATATGAACATCCTTTTTACATTAAGGCTTCGGTTTCCGCCGGGAAAACCATCATGATCGCCATGCTCGCGGCGCAGTGCAAGGCAATGAACTTACCCATGATGGTTCTTGCTCGCCAGGCCGAGATCGTGAAGCAGGATTCCGAGGAGATCAGTAACCTCGATGTTCCCTACTCCGTTTATTGCGCCGGGTTAGGCACAAAGGCGGCATACTTCCCGATCGTCGTCGGATCTGAAGGGACGGTGGTTAATGGCCTGTTTAAAATGCTGGGCGACTACGTGCCTTCAGTTCTGGCCATAGACGAATGCCACCAGGTTGACTGGCAAGATCTGGCGGAAGCGATCGCCAACAATGAATCGTTCGAGTACATGAGCCGACCGAAGGATAAGCCGTATCGCGTGAACGGGGAACTTGTCGATGCCGACCACCCATACGACGAAAAATTCGACGACGTAGAATTCGGCGGCGGTCGCACGCAGTACACGATCGTCATTTGCGAGTTAATGCGGAGGTGCCTTGAGAAGACAGGGCGAGAACTTCGCATCGTCGGTTATACGGGGTCGGAGTTTCGCGGGGTGGTTCCCATCTTGCAGGAAGACAAGACGCAGCCGGGATTCTGGCGCGAGCAGATCACCGACATTAACACAAACTATCTTGTCGAGTTCGGATCGGTTGTTCCCACCATTTTCGGCGATACCGAGGCGGATGGGTTGGGGTATGATCTTTCAGAATTCCACGGCTCCAGTCAGGACGGTACGCAGGATTTTAGCGCGGAAGAATTGCGCAAGATGGAAAAGAAAATCCATGAATCCGGCGAAATGACGAAGCTGATTATGCAAAAGGTCGTGGAGCGTGCGAAAACCCGAAACGGCGTTCTGATAACTTGCGCTGGCCAGCGGCATTGCAAGGAAGCGGCGAGCTATCTACCGCCGGACGCCACATACGCGATCATCACCGAGAAGACCAACTCGAAGAAACGCGGCGAAATTTTGGACAAGGCGAATCGCGGGGAGATTAAATACATCTTCCAGGTGATGGCCCTAACCACTGGCGTTAACGTTCCGTTTTGGGATTTTTCGGTGATATTGCGCAAGATCGGATCGCTTACGTTGCTTATTCAGCTTTTGGGGCGCGGTATGCGACTGCTAAAAGACTGGCAAAAACAGCCTCCTTACTCGTGGGTAAAGGAAGACCATTTAGTTTGGGACTTCGCCGGGACTATGGACGATTTGGGCCAGCTATATTTCGATCCGATTCTTGAGCAGGCGCAATACCAAAGACGCAAGAGCAGCAAGAACGGCCCCAAAATTTGCCCGGTATGCAAGGGAGAAAATAGCGAGTACGCCCGCCGATGCATTCATAAGGACAGTAACGGCAATCGGTGCGAATACTTCTGGATCTCGCAGAGGTGCGAAGACCAGAAAGACCCGCGAACAGGGAAGATTAAAATCAAGGGGTGTTACGCTGAAAACGATATTGTTGCCCGCCAGTGCAGATGCTGCGGCGTTCAGCTTAAAGATCCCAACGACAATCTCACCGGGAAGCACTATACGCAGAATGACTGGTATGATGTTGTCGGGTTCGATATCGGCTTGACTCGCAATCAGTCTGGGATCATCTTCAATTACGTGTTACTGAACCATGACGGCGAGCGATTCACCGCAAGGGAAAAGTTCTTCCCGGAATCAGAGAATCAGATTTGCGGCAAGTTGTGGCGGCAAAAGGCAGTCTTCCAGCACGTTAGCGACGCGGTAATGCGCGGCAAGTTGGGTGGCATGAAAAACGCCCGCAAGATCCTGGAGTATGCGGAATACTTCCGCGCTCCGAAGCGTGTAACTCATCGCATCAACGGCAAGAAGGAGGACATTATTTCCCGCAAAGACTTTGGAGGCGAGGAGTGA
K52PH129C1,K52PH129C1_gp58,ATGGAACAAATGGCAAAGATTGATAAGCGAACCTTGAACGGCAATAACGGAACATCGCGCGGGAAAGATAAGAAGAAACGCAAGCGACCGACTGGTTACTACGTGCTGAAGGATGAGGTTCGCGCCGGGTTGACTGCGCGGATGGAGCTGGTTATTGATGCCTTCGGTGGTATCGCGGGAACGGCAAAAGAGTTGGGGGTTAGCATCCAGGTTGTTCAGCAGTGGCGTAAGCGCGGCATGATCTCAGCCGATGGCGCTTATCTCGTACACAAGAGCTACCGCCGGAACAATTGCAAAGGTTTCCGCGCCTCATTCTGCCGACCAGATTTAAGGTTTGACAGCAACGGCAAGCCAGTGACGCGCCGATGCGACCGCCGGGAAATGCTCCGCGTAGTCCGATAG
K52PH129C1,K52PH129C1_gp59,ATGGCTGGCATGTGGCGCGAAGCGTTGCAGAACATTTGCGGCATCCACTCTCGATACTTCAACGGCAAGCATCAGGACTGCCCGAACTGCGGCGGCAAAGACCGATTCCGCTGGACTGACAAGTTAGAAACGCGCGGCGACGGCGGAGCATACTGTGGCGGCTGCGGTGCTGATAAGGGGATCGGCTGGTTAATGAAGTTAAGCGGCCAGCCGTATAGCGAATGCATCAACATTCTTGGGCGCTATCTCGGCAAGGTTCCGCAAGAATACGTGGTCAAGAGAAACAAGCAGGTAGCTCGTGATAACGGGTATGACTACGGAAAGATGGCGGATCATGAAAGAGTGCTGGCAGTTTTAAACAGAACGGAGGCCGTCGATAGCACGCCTGTAACGCTCTATGAGGGCATTGAAAATGAGCATATCAAATCATATCAGGTTGGCGTAAAAACTCACGAGAACGGCAGACAGGAGCTAATCCACGCGCTACCGATGCAACTCGTGCATGAAGATGGGCCGGATGATGAGTATTGCAATATCCTGTTCATTGATGAAGAAGGTAGGGAGAAGATGTTAGCTGGAGATCTGACCTTCGGATCGGTGATAGTGACCAATCAGAGCGACGACGGTAACGGGCCGATTTACCTTGCTCGCTCCTGGATTGAGGCGATGCACTTCAATATTGCGAGTTCATTCAAGTGTGATGTGTGGGCCTGCATCATCCCTTCCAATGTCGAGATCGTGGCGTACAGGTATAAAGGCAAGGGCGGAGAAGGTAAGCGAGAAATGCGGGTAGTTTGCCGTCGTGGAGATCGGGATATGCTGGCGGCTGCCGACGATCGGGATCTTAAAGTTATCGTTCCGAACGGTGACAACTTTAAGCTCGGCTTTGAGCGTAAGTTATACAAGGCATCATCTCTTCTCTGA
K52PH129C1,K52PH129C1_gp60,TTGCTCTATCTCTATATACTTATCTTGGTAAGATTTCTCCGGTGTACGTGTCTTTTTTCGCTGGATTTCGCGCCAGATTTTTCATGGATATTTACCTATAGGGATCTTACCATCTTACCGATTTGCGTTAACTTTATGAAATGTATGGAAAAAACCACGTAA
K52PH129C1,K52PH129C1_gp61,ATGGCTGAAGCAATTTTCAGGGCATACACCAGCAGTGAATTGACCAACGAGCAATATCACGATCCTGATTCCTGGTGCGCGGAGTACGTTAGCGGCTCAAGCCTCGGCGAGATTTACGCAACATCCCCGGCGCACTGGAAATACAAGGTGCGTGAGGAAACAGCCGCGCTGGCGTTCGGAACCTGTTCGCATACCTGTATGCTTGAGACGGCAAAGTTTAATGGCGAGTACCTGCGGGCGACTTCTCCGGGCGAGGTTAAAGATCTGATTACGTCGAAGTCGGCACTGTCTGCGAAGCTGAAAGCGTGTGGCCTGATTGGGACGTCCAACAAGGATTACCCGGAACTTCTGGAAATGGCATATCGCGCCGGGATTGACGTAAATGTTTGGTGGGCTATTGAAATGTGCGACGAAAGCGCCGCGATGAACTCCGGGCGCAAGCTGGTTAAGGATGTTGATTTCGATGCCGTTGTTCAAATGCGAAGCGTGATGTTGGCCAACCCGCGACACGCCGCATGTATCGAATCGCCTACCGCACAGCGTGAATTGTCAATCTTCGGTGAGATCTTCGGCGTCAAGGTCAAGGTTCGACTCGATCATGTTGACGTTGTTTCCGATCCCGAACTCATCAAGGAGTGGGGGTTCAACCCGGATGAAGTTTTCGAGGTCGTGGTGATTACCGACTACAAAACCACTCAATCCTCCAAGCCGGACGATTTCGGGCGACTCGCCTTCAATTTGGGCTACTATCTCAAGATGGCATTGCAGCGCGATCTGTTCGTTAAGACCTACAACGAAAAACGCCCGGTAGTTGTCAGACTGCTAACGCAGGAGAAAAAATCACCGTTTGCTCCGCTGGCGTTCACCCTGACCAGCCAGCAGATCGAGATCGGTCGCAAGCAGTATCAAAGCGTGATTCATCAGTATGCGGAATGCGTGAAGCATGATTCATGGCCATCATATGAGTCAAACGCGGCGGAAGTCGTCTTGCCTACTCCGCAGTTTGTGAAATACATGTTCCCGGACGTATACGGCACAAATAGCTAA
K52PH129C1,K52PH129C1_gp62,ATGCGTACATCTGAAAAATTTACCACCATCGCAGCCGCATTAATCAAGGCAAAATCTGGCTTCGTGGCCGCAAAGAAAAGCGGGAAGAACAACCATCTTGGGAACACCTATGCGAATCTTGGTGATATCCTCGACGCGATTTCCCCGGCGCTGGAGAAGAATAAAATTATGGTCATTCAATCCATGATGGATACCAGCACCGAAAAGGTTATGCACCTCGAAACGATGTTTCTGCACGAAAGCGGTGAGTTTATGGCGTTTCAGTACAATATGCCGATCAGCAAAACCGTCGAACAAGCATACGGCTCAACAACGTCTTACGCCCGCCGCTATGCGCTGGCCGCAGCGCTCGGCATCAAGCAGGCTGATGATGATGCAGAAATTACGAAAATGACGCCGAAAGACTTCAAAAAACGCATTGACGCGTGCGAAGATCTCGAATCGCTTCGTGAGATCTATAAGCTGGCGAAACAAACGTTAACGCCTGCGGAATGGAAAATGACGGAAGACGATATCACCAAACGCCAGGCGGAACTGAAAGTCACCCCGGCGAACGGCTTTAACCCTGGTAAACCGCAAGAGGTTGCGAAACGTGAGCCGGAAAAGGTAGAATCAAAACCTGAACCAGAAGCACAAGATATTTCATCTTTCAACTAA
K52PH129C1,K52PH129C1_gp63,ATGCATGTTGTAACAGGTGTAATCCGAAAAGAACCGTACATCAAGGAAGGCAGTAATAATAACGGGCCGTGGAAGATGTACGCCGTAGACCTGTCGGAGCGGATGAAGATCCGCAATCGTGATGGCGAGGACGAAACAATTTACACGAACTACCGCGCTGTTTTCTTTGCCAAAGAAAATATGATTAAGTGGTACGATGAAGCACTGCAAATGAATAAGGTGATCAGCGTCACCTGCCGGACGCTTCAGATCGTGAACCGCGAGCACAACGGCACAATTTACAGCCACAATGAAATGATTATGCCACAACTCGAATTCAGCCAGCGCGAGCCTTCGCAAAACGGCGGCAATCAGCAATCCGGGTGGGGGCAGCCTCAACAACCCAAGCCGCAACAAGCGCCTAAACCGCAAAACAGCGGCGGGAATCCGGGGATGGATTTCGATGATGATATCCCGTTCTAA
K52PH129C1,K52PH129C1_gp64,ATGGCCGCAGACGGAACCGTTACCGGGACTGGCACAAAATGGCAATCTTCGCTTTCGCTGATTCGCCCCGGCGCGACGATTATGTTTTTGTCGTCACCAATTCAAATGGCCGTCGTAAACAAGGTGGTTAGCGATACTGAAATTAAAGCCATCACCACAAAAGGCGCTGTCGTAGCGTCTAGCGATTACGCGATCCTGTTAAGTGACTCGCTTACCGTTGATGGCCTGGCGCAAGATGTTGCGGAGACCCTGCGCTACTATCAGTCGCAGGAAACCGTAATTGCGGATGCAGTCGAGTTCTTTAAGACGTTTGATTTTGAGTCGCTGCAAAATATTGCCAACCAGGTAAAGGCGGATTCACAATCCGCAGGCGCGAGCGCTACGGCTGCGGCGGCGTCTGAAAGCGCTGCAAAAACTTCAGAGACCAATGCAAAGGCATCTGAAAATAAGGCGAAGACCTCGGAGACAAATGCAAAGGCATCCGAAACAGCCGCGAAAACCTCGGAGACGAACGCTAAGGCGTCAGAAACCGCAGCGAAGACCTCGGAGACGAACGCTAAATCTTCGGAAAATAAGGCCAAAACTTCAGAGACAAATGCGAAGGCATCAGAAACCGCCGCTAAAACTTCAGAGACCAATGCAAAAGCATCTGAAAATAAGGCGAATACCTCGGAGACGAATGCTAAGGCGTCCGAAACCGCAGCGAAAACATCGGAGACTAATGCAAAAGCGTCAGAAACTGCTGCCAACTCCGCGAAGACAGACGCGCAAACTGCGAAGGGGCAGACGCAAAATCTTCGTGATCAGGTTGTCGATCTTGTGGCTGGAGTGCAAGCACCTGATAAGTTAAGCGGGGTTGCTTCCAGCTCCGAATCATGGATGAAGATCGCTAACATCAAGAGCACTGGAAGCGCTTATGCTTTCGTTCAATTCATCATTGGCGGAGGTTCTGATTATGGTTCGGCAAACGTCCCGGTTGATATCTTCTCCTTGTCTGGAATAGGTCTTCCAGCCTCGCCGTTGACAAGCGGAAATATTGACACCTGGTTCACTCAACGAACCTTGATTGCTGCCAGGCCAAACGCCAAGCGCGTTAATCTTGGGGCGGTAAAAAAGGCGGATGCTTCATATGATATTTATCTTCATGCTCCTGGTGGCTGGATTCCTAACCTGTGGTTAAATCTTGTAAACGTACAGGCTAACAATGGGTCGATTACAGGGCCGATCATCGATCGCACTGGTTATTCGTGGATTACCACGAAGCCAGCCGGGATTGTATATAATTCACCATCTGATTATTTGCTTGCTAACGATAGCACGATCCCGCGAACCAACGTGGCCAACACGTTTAGCCAGCCGCAGGCAATTAGCGCTCCCGGCGGAAACGCCACGCTGACCCTGAACGGTTGCACTGTTAGGGCAAATAACAGTGGTGTTCTTGTGCTTTCAACTCCTTCTGGTAGCGAAGGTCTGATGTTCCGCCCCAATGGCGACACTTCTGTAAATGGCCAAGTGACCATTTCGGGAAATGGTGATGTTCTTGTTAATGGCGCTGTAAAAAGCAAAGGCGTTGATGTTACCGCATCGCAGAATCTTCCGTTGAAGGAGACAACCGCGACAACCGGGGTTGGTGTTAACTTTATCGGCAACCACACGACGGAGTGTTCTTTTGGGATTGAAAATACGGCTGGCGGATCTGCTGTGTTCCATAACTATACGCGCGGCGCATCTAACAGCGTGACGAAGAACAACCAGCTTTTAGGTGGTTATGGTTCTCGCCCGTGGTTAGGATCTGACTATACGGAGCACAGTAACGCGGCCTTGCATTTACTTGGGGCTGGCGATGCATCTGGAACCAATCACGGTGGCTGGATTCGATTGCTTGTCACCCCCAAAGGTAAGACGATTAGCGATAGGGTTCCGGCGTTCAGGCTGTCAGATAACGGAGATCTCTGGATTGTTCCGGATGGGGCCATGCACTCAGATCTTGGGTTGGTGCGTAGCTTTGAAACGTTAAATGCAGCAGTTCCAAAATTCAATGGCCCCACCAATCAGGATGGTCGAGGATTGAAGATTGTATCATCGGATGGCGCACCTGAAATTAACATGATTGCGCCTCGCGGAACTAATAATTCATCTCCTGCGGTTCGTGCAATGTGGTGCGATGGTAGTTTAGGGAACTCGGATAAATATATCGGCGCTGCACAGGCATGGTCCACTTTCTTCCTTGGGGCGTCGGGCCACGATGGGGAAAAATTCGACTCAATGCGCGGCGCGGTTAACATTCAGGCTACGGAGGGTTGGGGGAAAAACAGCACGCCAACGCGAATTTTGTTCGAAACATGCGCGGCAGGCTCAACTGCGCGAACCGCTCGCTGGTGCGTTGACCACAACGGGAACTTCGTCCCGATGGGAGATGGCGGTTATGATATTGGATGGGGTAGCGGTCGAGTCAATAACATCTACGCTAAAAATGGGGCAATCAACACCTCAGACGGTCGGATGAAGAACGACGTTCGAGCCATGAGCGATCCTGAAACCGAAGCGGCCAAAGCCATTGCGAAGGAGATCGGGTTCTGGACGTGGAAGGAGCAAGCCGACATGAACGACGTTCGTGAGCACTGCGGCCTGACCGTTCAGCGGGCGATCGAGATCATGGAAAGTTTTGGGCTTGAGCCTTTCAAATATGGCTTTATCTGTTATGACAAGTGGGATGAGCAAACGGTGGTTTCAGAATATGGGCCAGCGAGTGAAGACGGGTCGGAAAACCCGATCTACAAAACCATCCCGGCTGGTGATCGCTACTCGTTCCGCATTGATGAGTTAAACATGTTTATCGCAAAAGGATTTGAAGCGCGGTTATCCGCACTTGAGGATAAATTAGGGATGTAA
K52PH129C1,K52PH129C1_gp65,ATGGCAGATTACGGAATTTTACTTACCAATGATAGCGGCAATGTTTGGGTTTCTCCTCAAAGCATACCGCTGGCACTGCTATCAAAGCAAAGCATCACCCTGAGAGGTGGAACCAATTCCGATGAGGTGAGATCGGTAACTTACGACACGAATCACCCATGCGTGCCGTTCGTGGTCTTTCATGGCTCATCTCCACAAGGTGCATTTACAAAAATCAGGTACAGCGGGAACACTTGCAGCGTTGTTTTTTCTTTTGGTAAGCAAAACGTATATGCGGAGGTTTATTTTTTCTCCGTGTTCCCACAACCAAACCCTGGTTATGGCCTTGCAATTTGGGATGAAAACGGTACGCTGATTTTGACCAATGAAACCAGAACGCTTTCAGACGTACAGACCTACGGGACTGGATTTAATCTAAACGTCACTAACGGCGGAAAGTGGGCCGTTAGTCCTGTTCAGTTAGGCGCGATCGTTGGTGTTATTCGTGATCCTTACCCAAGACCATTTCAGGGCGACTATTGCGCAGCGGCATTTTTTAACGGTTCAAACACGCAACTTACCGCATATCTAACGCAGGCTCCTGGCGGAGCCGCCAGTGATCTAACCTACGTCGATATGAAAAATACTTGCATTGCTATTAATTGCGCAAGGTATGATTAA
K52PH129C1,K52PH129C1_gp66,ATGGCTTATGGCTTTCAATCTTGGGATGCGAACGGGAACCCCAACAACTATGGGATCGTCCCTGTTTCGGTTGCTGGATATATTGCTTTGGCGCAAGGCCAGAAAAGCGGAACATGGTCTTACAACGTTCCACCTGGTTTAAGGTTGGGTTTCTTTTGGGTCGCAAATCAAGACCAGTACGGCACATCGAAGAGGCGAATTACCGTTAGCGGTAATCAGATCGTTGTTTCGGATGCGCCAGATAATGCGCTGGAATCAGGTGTGTACCCGGCGACGCAGGGCTTTATTGTTGTTCAAATCATGAGTTGA
K52PH129C1,K52PH129C1_gp67,ATGACTAATATCAAGGCCCGCAAGGGTGGTTCAAGCAAGCCACGTACTCCCGTAGAAATGCCAGATAACCTGATCTCAAAAGATAAGATCAAGTTATTGCTTGCTGTTTCGGATGGCGAGGTGGTTAACGACTTCAGCCTGAAGCAGTTGCATTTTGGCGGCGTCCCGGTTCAGAACGAGGATGGAACATTCAACTATGAGGGCGTGATTGCAGAGTTCCGCCCCGGCACGCAAACGCAGGACTACATTCAGGGCTTCAGCGAGTCAAGTGCTGAATTCCAGGTTGCTCGTGAAGTAACTCACAACACGCCTTATACGCTTACCGTATCGAACAAAAATCTGTCTGCTATTCGCTTTCGCCTGTTATGGCCGCGCGTGCTGACTCAAAAAGATAACGGCGATATGGTCGGATCGGTTGTTGAGTACAAGATCGAGATGGCGGTAGATGGTGCAAGTTATCAGACCTACCTAACTGGCAAGATTGACGGTAAGAACACGACTGGCGGTTACGATCGGAGCATTCGCGTTAACCTGCCGCAAAACTTCACGTCGCAGGTGCTTATCCGCGTTAGTCGAGTAACGCCGGACGCTGACGGGGTGAAAGTTGTCGACGCTTTCCGGGTTGAATCCTACGCTGAAGTTATTGATGCAAAATTCCGCTACCCGTTAACGGCCATGCTTTACGTTGAGTTCGATAGCGATCTGTTCCAGAACCAGATCCCCACTATCTCACTCAAAAAGAAATGGAAGATTATCCAGGTTCCGAGCAACTACGATCCGATTAATCGCACGTACTCCGGGACGTGGAACGGTGTTTTCAAGTGGGCGTGGAGCAATAACCCGGCATGGGTGCTTTATGACCTGATCATGAATCAGCGCTATGGTTTAGACCAGCGCGAACTTGGCATCCCGGTTGACAAGTGGTCGTTGTATGAGGTGGCGCAATACTGTGATGAGCTTGTGCCGGACAATCGCGGCGGGATGGAACCGCGCTATTTGATGGATGTGGTTGTTCAGTCGCAGGTTGAGGCGTTCCAGTTGGTAAGGGATATTTGTTCCGCGTTCCGTGGAATGACGTTCTACAACGGTGAAAGCCTTTCGATTATCGTCGACAAGCCGCGCGATCCGGTGTACCTGTTTACGGCTGATAACGTCGTTGATGGCGTGTTCGTTCGGACGTTCCCAAGCGAAAAGACGATGTATACATCGTGCAACGTTATGTTCGACGACGAAGAAAACCAGTATGAACAGGATGTTGAACCAGTTTTCAACCCGGATGCAGCCATGCGATTTGGCCACAACCCAACGAGCATTACAGCGATCGGGTGTACCAGAAGGACTGAGGCGAACCGCCGTGGGCGTTGGATTCTGCAAACGAACCTAAGCGCCACAACCGTTTCGTTTTCTACTGGCCTGGAAGGTATGATTCCTTCTTGCGGCGATGTTATTTACGTTGCAGATCCGCACTGGCAATCGGCCTTTAACCTGGTGCTATCAGGACGCGTTATGGAAGTATCTGGCGTGCAGGTGTTCCTGGCCTACCGCTGCGACGCGAAGGCTGGCGACACTCTGATCCTGAATACCGACGACGGCAAGCCTGTGCGCCGCACAATCGCCAGCGTTTCGGCTGACGGTAAAACCCTCACGCTAAACGTGGGATTTAATTTTGACGTTGCGCCGGACAGTGTATTCCTGATCGAGAGCGACCAGCTTGCAGCGGAACAGTATGTAGTAACCCGGATTGAAAAGGGTAGTGATGACGATGAATTCACCTTTGCCATCACGGCTACGCAGTACGATCCGAACAAGTATGACGCGATCGACAATGGGGTAATTACCGATGGCCGACCAACTTCGGTTGTCGACCCGGATTCAATGGGCGCTCCGAAAGACTTAACGATTAGCTCTTTCTCCCGCATTGTTCAGGGGATGAGCGTCGAAACGATGGTGATCGGCTGGTCTGCCGTGCAGTATGCAAAACTGTACGAGGTGCAATGGCGCAAGGATGGAGGTAACTGGAACAACGTTCCGCGCACTGCGACAACGCAGGTTGATATCGAAGGCATCTATGCTGGCGAGTACCAGGCCCGCGTTAGGTGCATTAGCGGCGGGAATGTAGCGTCTCCGTGGTCTGCATTGGCAACCGCCACACTGACCGGGAAAGTCGGAGCGCCAAAAGGCCCGATTAACCTTTTTGCGTCGGACAATGAGATCTTCGGCATTCGAGTTAAGTGGGCTATGCCGGAAGGAGCGGAAGACACGGCATACATTGAACTTTACCAGTCGCAAAGCGGAACCGATCAGGATGCAAGCCTGCTTACACTGATTCCTTACCCGGCGGCTGAATACTGGCATTCAATTTTGCCTGCTGGCTACGTGAACTTCTATAAGGCTCGAAGCGTAGACCGTATCGGCAACGTTTCAGCGTGGACTGATTACGCTCGCGGCATGTCGTCGACTGACGTTAACATCATCACAGATGCGATCCTGGATGAAATCCTGGATAGCGACGCGATGAAAGAACTTCAGGAGAGTGCGCAGGATAGCGCGGCAAAACTCAATGACTACGCGAACAGCATCATTCAAAACGCTTTGGCGAATGATGCGGACGTCAGGGTTATGCGCAAGGAGAACGGCAAGCGGAAGGCTGAGATCGCGCATACTACCGTGCTGATTGCGAATGAGTCTGAGGCGCGGGCGGCTGAAATTACGCAGCTTAAAGCGCAGATTGATGACGATATCACATCGCAGATCACGACACTTAACGAAGCCCTGGCGACGGAAAGCGAGACGAGAGCAACGCAGATCGGTCAGTTGCAGGCAGATTTTGCGGCTGATATTGACGGCGTAAAAACAACCATGAACGCTGGTTTTACGCAGGTTAATCAGGCTATTGCAAATGAAAGCGACGCGCGGGCAAGTTCAGAGGCGGCACTAGATGCCAAAATCGGGCAGAACTCCGCAGCGCTAAACCAGAAACTCGACTCGTGGGCAAATGTTAATGGCGTCGGTTCCATGTACACGATGAAGTTAGGATTGAGGTACAACGGCCAGGAGTATAGCTCCGGGATGGCGCTACAGCTTACCTCAAGGGGTGGAAGCGTTGTTTCGCAGGTGCTGTTCATTGCTGATAGATTTGCTATCATCCGTAATGCAGCGTCGGGATCTTACACATTGCCGTTCGTTGTACAGAATGACCAGGTGTTCATGAATAACGCGCTTATTCAGGACGGCTCGATTACCAACGCGAAGATCGGCAACGTTATTCAGTCCAACAACTTTCAGGAGAATGTTGCAGGATGGAGGCTTGATAAAAACGGCGTATTTGTCAACTATGGTTCAACATCTGGCGAAGGTTCCATCAAGCAAACTAACCAGAACATCACGGTTCGAGATGGTAGCGGCCGCGTTCGTTGTCAGTTGGGCAGAATCACTGGAGCATGGTAA
K52PH129C1,K52PH129C1_gp68,ATGGCATCACATACAAAGACGATTAAACTATCTGGCTCCCTGGGTCGTCGGTTCGGTGTCTTCCACAAACTTGCGGTTGATTCAGTCGCTGAATGTATCCGGGCGCTGTCTTACCAGATTGAAGGGTTTAAGCCGTTCATGCAGAGCAAAGTTGGTTCAAACATGCGCTTCGGCATCATCGCAGACGGAAAACCAATCAGCACGGACGACTTTTCTACTTTCGCCGTTGCAAAGGAGATTCGAATCATCCCGATCCCAAGAGCCAGAAAGAACGGCGGGTTGTTGCAGGTCGTTATCGGAGCGGCGATTATGGTTGCGGCCTTCTTTACTGGCGGCGGCTCGCTGGCGGCTATGGGCGCTTTTTCATCGGCTGCATTTATGGCTGGCGGCTCAATGGTTTTGGGTGGAGTAATGCAGATGATCGCACCGCAGATGGGCGGCAACATGAGGGCGAGCGAATCGCCTGAGAATAAGCCATCGTATGCGTTCGGCGGGCCGATTAATACCACGGCGGCGGGTTATCCAATCCAGTTGCCATACGGTTACAGATTGGCTGGCGGCGCATTGTTCGGTTCGGGATCTTACGCAGAAGACAACAACTAA
K52PH129C1,K52PH129C1_gp69,ATGTTAACTCCAAAGATTAAAATGCAGATCATGCAGCACGCGAAGGAAGTCTACCCGCACGAATGCGCCGGGCTGGTAACGCAAAAATCACGCGTGCAGAAATATCACCGACTAGACAACGTTTCTCCAGATCCTGAGAACGAATCAATGCCGGATGAAACGCAGTATGCGATGGCGGCAATGGATGGCGAGCCGATCGCCTTCGTTCACTCCCACACTGGCGACGGGGCAACCACCGTTCCGAGCGCCACAGATTTATGCTTCTGTGATGAATCTGGCTTGTCGTGGGTTATCGTCTCCATCCCGGAAGGCGATATGCGAATCATTGAGCCGAAGCGCCGCCCGCTGATTGGTCGACCCTGGGCGCTGGGGGCTTACGATTGCTATGGCCTTATTATGGATTTTCACAAGCGCCACGGCGTAACGCTAAAAGATCGGCGGGTTCCGTTCGAATGGTGGAAGCCGGAATACAAAGAGAATCTTTACCAGGACTACTGGCAAGAGGACGGGTTCATTGAAAACACTGGCGAGCCTGAAGTTGGCGATATGATCATTTTTCAGCTTCAGGCGGAGAAGTGGAATCACGCGGGGATTTACGTTGGAAATAACAACATCCTTCATCACGCATATGGCAAGCTGTCTCGCCGGGATATCTATTCTGGATGGTACGAGCAGCACAAGGTTTTAATTTGCAGGCATAAGGAGCTAAAACATGGCATCACATACAAAGACGATTAA
K52PH129C1,K52PH129C1_gp70,ATGACAGCCAATGTTTCAAAAGAGTTTGCGAACTGCTTACAAAAACTTTTCCCCGGCGAGATCCTAACACTGATCGATATCGACGCCACAAAGTTCGGCGGGCAGGTCTACCGATTCCATAACGAGAACGTCGCCTATACAACCGAGGAGCTTTTGGCAGCGGTTAACGGCGGGACGCTTCAGCCCAAGATGATCACATTTCGCGGCGAGCAGTACGGCCCGCGCCCGTTCGGCCTGGGCGGGATCGCAATGTCGAGCGATGGCACAGTGGAAAAGCCAACGCTGACGGTTAGCAATATTGATGCGCAAGCGAGTGCTCTTATTCGCGCCTATAACGGCCTTATGCAAGCCAAAGTTACGGTATGGGTTTTGGTCAAGGAATTGCTACAAAACGACGGCAGCGTTAAAGAGGGCGATTTTAGGCGATTTGTCTACTACATCGAGCGCCCAAAACAGGTCGACCCGCAAAAGGCAACGTTCGAATTAACATCCGTGTTTGATATGGATGGATTAATGATCCCGGCACGCCTAACGCAAACCGTTTGTTATTGGGCGCAGCGTGGGTGGTACAAGTCTGGAAAAGGCTGCGACTACAACGGGCAGAACGGATACTTCGACAAGTTAGGGAACAGGGTTGACGATCCGTCGCGGGATGTTTGCGGCGGTCTGGTTTCTTCTTGCAGGCTTCGTTTTGGTAATGAGCCGTTGAGTTTCGGCGGTTGTGCGACAGCAACGTTAAAGAGTGGTAGCTAA
K52PH129C1,K52PH129C1_gp71,GTGGATTCCTTTAAATGGTGTACACAAATTCAAGGAGGGGCGGCAAAGGTCGCCATCTCCAACAACATTCGATCGATTGTTTTCGGAAACGGCTACATCCAAACGGCATCGAGCGGAATTAACACAAAGCGCAGGACGGTTCCGATTGTTTATGGCGGTTCAGATTGGGAGGAGGTTTATAACTTCTGTCAGGATCACGTAACAAAGCCTTTTGTGTGGAAGGCACCGGATGGAAGAATGGGCGTATTCGTCGTAACTGCCGACTCCGTTAACCTTGCGCCGCAGGGTGGCGGGGTGTTTGAGGTAACGGCTGAATTCGCCGAACGCTTCACTTCAGCCGGATAA
K52PH129C1,K52PH129C1_gp72,ATGGCTGATAAAGTAGCTGGGTTGACGTTTGGCGTTGACGTTTCGCAGGTTGATAAAGCGGTACGATCACTCGCAGAACTGAAAAACCAAAGCCAGCAAACAGGCGCTGGCCTACAGTCACTTGCGGATGCTGAAAGGCGGGCCACGGCGCAGACCGAGGAAATGAACCGCGCGTTGCAGCGCCAGAAGCAAGAGACAGATAAATCAAAAACCAGCTTTAGCAGGATCGCAAGCGCCATCGATCCCACGATCTCAAAAATGGCCAACTTGCGCAAAGCTACAGAAGAACTTGATAAGGCGTGGGCTTTGGGGCTTGTTCCAGATAAGGAATTTTTCCGCCTGGGAGCCATCATTGAATCCACGACCAACAAGCTACAGCGGCAGCAGGCGGCGCTAACCGAAGAAGGTCGCGCAGCAATCGCAGAGGCGGAGGCAAAGCAGAAGGCGGCAAACGCCGGGCGTGATTTTGTAGCCAGCCTGAAACAGCAAGCAGACTCGATCGGAAAGACTCGCGCCGAACTGCTGGAAATGAAGGCGGCGCAATTGGGCGTATCTGCGGAAGCGGCCCCGTTCATTAACGCGCTAAAACAGCAAGAGCAGGCGTTAAAGAAACAGCAAAACGCTATGGGCCTGGCTGGCATTTCTGCCGGGCAATATAAAATGGCCATGCGCCAGTTACCGATGCAGATCACTGACATTGTAACGTCGCTTGCTTCAGGTATGCCAATCTGGCTGGTTGCGGTGCAGCAGGGCGGGCAAATCAAGGACAGCTTCGGAGGCTTGAGCAACACTTTTAAGGTGTTGTTGAGCTACATCAACCCGCTAACGGTTGGCGCTGCGTCGTTGGGTATCGCCCTGGCGGCAATCGCTAAAGCTGGTTATGACTCCTGGAAAGCGCAACGAGAACTGGCGAATGCGCTGGTGCTGACTGGTGGCTATGCTGCGACCACCACCGGGCAGATCACAGCCTTAACCGAAGAGATTAACAAAAACTCATCGGCTACGATTGGCAGCATTCAGGAAATCGCAACATCGCTCGCCAGTTCTGGTAAGTACACAATCAACCAGATTAAGCAGATCACGAAGACTACGGCGGAATGGTCGGCGCAGACGGGTGAGAGCGAGAAGACGATCACAGGGTATTTTGATTCGATCGCAAAAGACCCTGTTAAGGGGCTTGCCGATCTCAATGAGCAGTTTAATTTCCTGAAAGAAGGTCAGCTAACCTATATCGAGTCTTTGCGCAAAACTAAAGGCGAGACGGCAGCAGTAGATGCGGCGACAAAACTGTTTGCTGATACTATGGATAAGCGCCTTAAAGATATCGCGGACAGCGCAACGCCGCTCGAAACGATGTGGACGGATATTAAAAAATGGGCGGCTGACTCGTGGAAATGGGTAGGCGATCACACGGTCGGAGCGCTAAACCTTATCGTCGATACGGTTTCCGCGATCATTAACACGATCAGGAAACTTATTGCCGATGGCGACGCCATGATCGCGCAGTTCATCGTTGACGCAGGCCGGAAGCTGCAAAAAATTCCAGGAATGGGCGACTTTGGCAATGAATTTCTGGCGCAGCAGGAGCAGCTAATCAAGGACTCGAAAGCGAAATCCGACACGCTTGCAAAAACCATTGCGGAACAGCAAGCAAGGATTGCTAAAGGAGAAATGGGGTACATTGACGCCGCGAAGGATAAAACCCTTTCCGGTGGGTACAGCAGCAAAACGAAGGATCGCGTAAATCAGGAAGAAAAAGATATCCTGAAAAACCGCAACGCCAGGAAGCAGCAGGTAGACGCGGGCGTTAAAATTGATGAGCAGTATCAGGCTGAACTGCTATCGCTACAGGCGCAGCTAAAGGTTTTGCAGCAGCACAAAGGGCTTGACGACAAGATCAGCCAGCAGCGCAAGGACCACTTCGAGACGGTCGCCAAATTTCAGGTTTTGGAAGAGGCAAGCCAGAAGCGAAAACTGACCCAAAGCGAACAGCAGATGCTGGCGAACAAAAAGAATATCCTGTACATGGCAGAGCAAAAGGCCATTGTGGGAGATCAGATTGTTCAGCAGCAGCGACTGAACGCCTTGCTTGACAAGTCGACCAAGTATCAAAACCAGATGGCGGAGAAAACCAAAGCGCTACAGGATACCGCCGGAATGAGTAGCAAGGAGCAGGAGAGATACCGGGCCAATGCGCAGATGGCGGCTGACTGGAAAAACAGCGGCGGATCTTTAAGTGACCCTGGATTTAAAGCCATGCAGGCCGCAAGCGATAAATTCTACGCACAGCAGGATGCGCAAATGCTGAACTGGAAGGCCGGGTTCACTCATGCGTGGGCTGACATTGGCGACGAAGTTAATGACGTATACACCAACATCGGGGATATTACTAAAAACGCATTTAACGGCATGGCGAGCGTGCTGACTGATTTTGTTATGACTGGTAAGGCCAGCTTTAGCGACTTCGCAAGAAGCGTTATCGGTGACATTACCAACATGCTTATCAAGATGGCGCTGTTTAACTCGCTTTCTGCCGCGTTTGGTGGTGGCGGTACGTTCAGCTTCGCCAACATGTTCAGCAAGGGATTTTCCGGCGGTGGTTACACTGGCGACGGCGGGAAGTATGAGCCAAAAGGCGTTGTTCACGGCGGGGAATTCGTATTCACCAAAGAGGCGACGCAAAGGTTAGGCCCGGAAAACCTGTACCGACTCATGCGCGGCTATGCAAGTGGCGGCCTGGTCGGCGGTAACGCAAGTTCAGGATCTGGAGTAACCAACGGCGGCAATGTTGCGGCGTCGGCTGCGATGGTGTTCACTATCGGTGACATTAACATTACGATGGGTTCCGGTCAGGATAGTAAGGGCATGGAGCAAGGCGTGAGGCAGATCGTGAACGATATGTTCACCGAGGCTTTGAGCCAAAACGGGCGCATTGCGAAGTTCGTCAATGAGAAAACGAGGAGGTAG
K52PH129C1,K52PH129C1_gp73,ATGCAAACGCAGTGGCGCATTGGGATGAACGGCCCAACGGGGCTTGACTATAATACATTGCCTATGCTCTTTGAATTGTATAAAATCGACAATCGAGAAGCGGCATTACTTGACTTGCAAATCCTTGAGGGTGAATATCTGAAGGAGATTTACAAGAAATCAAAATAA
K52PH129C1,K52PH129C1_gp74,ATGAGGCAGATCTTGAAACGATCTACTTTGATGAACAGACCGCCCAAAGCTGGCAGCTATTCCAGGCCATGCAAACGCAGTGGCGCATTGGGATGA
K52PH129C1,K52PH129C1_gp75,ATGGCGGGGCTTGTGCCTCGCCTTTTTTTGTGCATAATATCGAATAACATAAACCAATCAGGAGTTAACAAAATGGCCAAGTTCAAAATTCAAATCGGCGGCAACCTCCCTTCTTTCAAACTGCCCGTAACCTTCACTTGCCCGGATGGCAAAGAAGCGACCATCACCATGACCGTAAAACATCGCTCCACCGATGAGATGAAAGACTTTTATGAGAGCGAAGATAAAGCGCCAAAGGGTAACGCCGAGTTTATCCGCTTCATGGCTGAAGGCTGGGATCTTGATGATGAATTCAACGACGAAAACATTTCATGGCTTTGCTCACACTTCCCGGCGTTTGTCATGGCACTGCCACAAACTTACATGGCCGCGCTTGCGGGCCACCGTGCAAAAGTTTAA
K52PH129C1,K52PH129C1_gp76,ATGCATTTACCAAACGGTGCAAAGGTCTTCTTTGAGAAGGCTCGCGGTGCGGAGGTTCCGTTTACCGCAATGACCAACGACGCGAAAAACCCAAAAATCACGGTGGCGGACGGCAAGCTGAAGGTGAAAGATATTGTGATCTTCACCGATTGCACCTGGGGAGACTTCGTTAACAAGGTGGCTCGCGTAAAAGCAGTGACGGCAGGCGTGGCAACGCTGGAAGAGTTCGACACCTCCGACACGAACAAGTATCCCGGCGGCGCGGCCACTGGTAACGTGAGCGTGATCACTGATTGGGTCGAATTGCCTTGCATTCAGGATTTAGGCAAAGACGGCAACGAACAGCAGTTCTATAACTATCAGTGCTTGGGCGATGAGCGCGAACAATCCGAACCTACTTACAAGTCGGCGGTGACGCTTAACTACACGTTTGCGCACGAGTACGATAACGCGATCTACCCTGTGTTGCGTTCAGCCGACGCCAGCAAGCAGGCGAAAGCGATGTACATGTATATCCCGCGAGCTTCCGAGGTTCGTTACTGGTCTGGAATTGCATCTTTCGATGACATTCCTTCCACGGCTGTTAACGAGATGGAAACGGTAACGCTTAACATTGCGCTTAAAGGTGCTCACGTCTTCCTTCCGGTTGCCGTGTAA
K52PH129C1,K52PH129C1_gp77,ATGGCGTTATGGGCGTTGTTGCGATCCGGTTGGGCGTTTATGTTACTGAGGCAATCAAGCGAGCGAGGGCTAAAAATGCATTATGAAATGGCGTTAAAATGCAAGGCGGCAGCGGCTAAGTATGCCGCCGATATCGGACTACAGATCGCGGGTGATAACGTTGATTTTAAGCCACCAAAACACGGTGAAACTTATCTCAAGTTCTCCTACGTAGAAGCGGATTCCAGATCTGTCAGCCTTTCCAGAACTTGCCGCGTTTATCTGGCTATGGTGCAGATTGACGTTGTTTTCAAACCTGGGATCGGAACCGACGCCGCGCGGCTAATCGCGCAAAACGTTGCAAAATCCTTCCCCGAAGGCAAGGTTGTTGATTCTGAAAGTAAGTTATATGTGAGCGAGTGGGCGGAAGTTTCCGGCGTGCAGAAGCATGAAACTGGTTGGTTCTTCCCGGTTCGGTTCACAGTAAGATGCGATAGCGTGGAGGAAAACGGTTATCTATCAACCTGA
K52PH129C1,K52PH129C1_gp78,ATGGCTAATTACACCATCCGGGAGTTCACAGGGGCAATTGATGCGTGGTGTAAGGCCGCTGGTGATGCGCTGGAGGACGTTGTAAGGTTTACGTGTGAAGATATTCACCGCGACCTCGTAATGCGTTCTCCGGTGGATACAGGGCGCTTCCGTGGTAACTGGCAAATCACCTTTAACCGCGCCCCGCTTTACGCGATTAACGCATATGACCAAACTGGCGAAAAGACGATCCAAAACGGTAAAGCCAACATTGCACTATACGCAAAAGGGGCTGGGATCACTTCGATCTGGTTCAGTAACATGCTAATCTATGCGAACGCGCTGGAATACGGCCATTCAAAGCAGGCTCCCAATGGCGTTATGGGCGTTGTTGCGATCCGGTTGGGCGTTTATGTTACTGAGGCAATCAAGCGAGCGAGGGCTAAAAATGCATTATGA
K52PH129C1,K52PH129C1_gp79,ATGAACTACAAACAAATCCAGGCACGCGCAAGCGCTGGCATTAAGTTTTTCAGTGACGCTGACGGCGTATTCAACAAGTACACGAAAGGCGCTGGCGGCGGAATCGATCCGGAAACCGGGGAAGATATCATTCCTGGCGAGGTGGTGACGACAATCAAAGGGGCGATCAGGGATGTAAATGATCGTGATATCAATGGCGAGACCATCCTTGCTGGTGATAAGCGAGGATTCTTCACTCACGACGTGCCAATCATGGAAGGTGACGAAATCGAAGTAGACGGTGAACGCTATCGCGTGGTTAATTCTCGCCCTGTAAAGCCAACAGGAACCGTTGTTGCTTACCGTCCAGTTTTGCGCAGGGTGGCGACTTATGGCTAA
K52PH129C1,K52PH129C1_gp80,ATGAGTTACACAATTCAAGATGTGATCGATAAAATGCGCAGCCTTGCACCTCCACTTAAAGAAGTTCCAGATGAACTGCTGTCTGCATGGGTTGTGCTTGCCGAGGAGTTCGTTTGCAAATCAAGGTTCGGGGATTCCATTGTTATAGCGATCGCACTTATGACCATGCACCTAATGTTTTTGGATGGCGCAATGAAGCAAGAAGGCGAAAGCCTGGAGTCTTACACGCAGCGAGTGGCATCGTTCACCCTGACCGGGGAGTTTTCCCAAACCTTCGATCGCGTGTCGGCGTCAAGCGATAATGAAATGCTTTCTACGCCGTGGGGCAAAATGTACTGGCGTATGCTCAAAATGCGCGGCGGTGGCTTCGGCCTGCTTACCTCCGGGAACGTGCGCCGCTGCGGAATTGGTAGGTGA
K52PH129C1,K52PH129C1_gp81,ATGGCCAGTAAAAAAGAAACCGTAGAAACCGTCGAAACCGTAGAAACCACCAGTGCCGAACAGGCGTCGCAGGTTGTTCAACTACAAAACGTTGGTGCATGTGCAATTCGCTATAAAGGCAAAAATTACGTCTATGAGCAGGTTTTTGAAGTGCCGGAAAACGAAATCGACCGCTTCCGCCACGAAATCTTCAAAGGCCGGGTCGAATTCTACGACAACCCGAAACGCACGCGCGAATACATCGCAGCAGTGAAGGCGAAAGCGAAAGAGATCGTGCAGCCTAAAAGCGCGGAATAA
K52PH129C1,K52PH129C1_gp82,ATGACTATGAAATTAGATGCATTCGAACAGAGTGCAATTAAGGTCGCAATGCAGGGCATGGGCGTCGATGCCGCAAAACTGGATGCTTACGGTATCTGGACTGTTAAGCAGATGACTCAATTACTGAATCGCCAGTATGAGCAGGCATACCCGCAGACCAGCGCACTTGAGCTTTTCCCGGTAACTACCGAGATCTCACCGACCGCCCGCCGTTTTGAGTGGCTCGAATTCGATGGCGTAACTTCTGCGAAAATTATCGCCGATTACACCGACGACCTGCCGACCGTTGAAGCGATGGCGAAAGAGAAGTCAGGTAAAGTTTTCCGCCTGGGTAACGCGTGGTTTATTTCCATCGACGAAATTAAAACTGGCGCGGCGCTGGGTTCCAGCCTGAGCGATCGCAAGGCAACTCTGGCCCGCGAAGGTCATGAGACGCTCGTTAATGATCTGGTGTTCAAAGGCTCCGCTCCTCACGGCATCGTGAGCGTTTTCGACCATCCGAACATTAACCGCATGACCGCCAGCGCGGCTTGGGGCGATGACGCAGCAGCGGCTGAAAAGGCATTCGAAGATCTGGAAGACCTGCTAAACCTGATCGAAGAAACCACGCTGGGCCGCCATCATGCAACGAACATCGTGATTCCGCCGTCCAAACGCCGTCTTCTGACCAAGAAGATGCCGGACACTAGCGGCGACTCTTATCTGACCTGGTTCACCAAGAACCACCCGAACATCACCATTACGGCGATGGCGGAGCTGGAAGATATCGACGGAGCAGGCACCAAAGGCGTGCTGGCATACGAAAAAGACCCAATGAACATGAGCATCGAGATCCCTGAGCGGTTCAACATGCTGCCGATGCAGCCGAAAGACCTGCATTTCAAAGTTCCGTGCACTTCCAAATGCACTGGTCTCATCGTTTACCGCCCGCTGACTATTGCGATTCTCACCGGGATTTAA
K52PH129C1,K52PH129C1_gp83,ATGGCACAGATTACAGCTTCTTATTCCCGCAAGCGTGATATTGCTGTAGCGGGGCAGATCGCTGATACGTCACTTTACAATATCGATGGCACTTGCGTTGCTGAAGGCGATATCAAAGCTGGCGTACTGGTGGCTTCCACTGGCGCGGTTTCCAACGGCCACAAGGTCGTTAAGCCAGCGACCGCAGCGAGCGACGTTATTGTAGGTATCGCGCAGTTCTCGCAAGCCTACTCGCCTGAAGGCAAGTATGACGATGAGAGCGCGGTTAACGTTATGACTCATGGCCGCATTTGGGCGATCGCAGACGCCACTGTTACAGAAGCAGATTGCGCGCTCGGTTCTTTCGTTACCTTTACCGCAACTGGCACCGTAGCGAAGGGTGATGCCGGGGTTATCAAAACTGGCTACAAACACACTGGCGAATACACCAAGAACGCAGATGGCACCGTTCTGGTGAAAGTGCAGGTGCTTCAGGGCGCCGTTGCTCCAGCGGCTGCAACTGGCGACGCTGGCGCATAA
K52PH129C1,K52PH129C1_gp84,ATGAAAAGAGTTCAAAGGTTCGACACGGTAAAGATGAAGGCCCGATTCGATGAGAACGGCTTTCTGGTTGATACTCCGATCGTGGCGCGTATCGGTGCGCAGACGTACCAGACGCCAACCGGGCCGCGCGTCGAGTTCCGCCCGCGTTCTGAGGTGTTTGATGCTGAATCGCTGGTCTCATACCAGGGCAAGCCGATCACTTTAGGTCATAAGATGGTGAACGCACAGAACGCAAAAGGTCTGGTCGTTGGCTCGTGTTCCGGTGCTGGCAAAGAAGAGGGGATCGGCGTTCTTGTTCCGGTGATGATTTACGACGGCGAGTCAATCGAGCAAGCCAAAAAGCGCGTAGCGGCTGAGTTATCCGTGGGCTACACTTCGGTCGATATCGATCGCAAAGGTTGGGGCAACAACGCAACTGGCGAATATTATTTCGACGAAGACCTACCGGAAAACTTCGAAGAGATGAAAAATGATTCCGTCTCTGATTGGGTTCGCTTTGATGCGGTGCAAACGAAGATTCGCGTGAATCACGTCGCGCTTGTTTTCCGTGGTCGTGCCGGGATTGCGAAATTAAATCTTGATAGCGAACAAGAATTCCCCTATGATGACGACTCAAACCACAAAGGAGCTAAAACAATGATCATTAAAATTGACGGCGTAGATGTTGAAGTGGCCGATAACGTAGGCGCTTACATTGCCAAACTAGACGCGCAAGTTGCATCGGCAACCAGTCAGGTAACTAGCATCACCGCAGAGCGTGACGCGCTTCAGGCCAAAGTTGATGGCATTGAAGATGAAGTTGCCGCCCGCGTTGCTAAAATCAAAGCCGACGAAGACGCAAAACAGAAAGTTATCGCGGTTGTTTCTGCCGCTGGCGTCAAGTGTGACGGCCTGGATGTTAAGGCAATGAAAGTTGCTTACATCAAAGAGGTAGACGGTCGTGATCTGTCTGATAAAGAAGATTCGTACATCGACGCTTCTTTTGACTTTATCGCCAACTCTGATAAGATGGCTGGCAACCGCTCGAAAGTCTTTGGTAAGAAAGAAGACAGTGAGCAGAAAGATAAAGGCGGCTTACCGAAACTTGACGGCACCGAAATCATCGATCCGCAGGCAAAATTCCGCCGCTAA
K52PH129C1,K52PH129C1_gp85,GGGCGGAACAACGAATCAGTTATGCGCCTGAAAGAATTCGGCGCTGGCGGGTATGAAGACTGGTATCAGGAAGCGCTGAGGAAGTGGGAAGATGCCGCCGAAGCGTCAATCAGGAAGTTAGCAAGCGATATCGTTGCTGACTGGACGACGAAAGTTAGAACCGCCAACAACATTGGCAAGTCTCGCAAGCAGATCGATGAAATCATCGAAGGTCGATACGCTATCTATGGTAGTTGGTCGCGCAACCGGGCAAGCGGAATCATCGGAACTTTTAACAGTATGTTGATGATGCAGCGACTAAAAGATGCTAAAGTATCGCATTACTTTTGGTTCGGGATGATGGACGACCGCGAGCGCGAGAGCCATATCAAGCTAGAAGGTAAGCGACGCCCCGTTAATGGTGACGGCATTTTCCCCGGTGAAGAGTACGGTTGCCGTTGTTGGGCGGTTCCAGATTTTAACAATGTAGAGGTATCATGA
